"name","STRAIN","segment","avg_coverage","above_cutoff","SegmentSize","percent_above","segment_count","quality"
"1408_d02","H9N2","H9N2_NP",19177.9362057448,1497,1497,100,8,"good"
"1408_d02","H9N2","H9N2_MP",17755.2387983707,982,982,100,8,"good"
"1408_d02","H9N2","H9N2_PB2",4840.69451754386,2280,2280,100,8,"good"
"1408_d02","H9N2","H9N2_PB1",8394.64119455424,2277,2277,100,8,"good"
"1408_d02","H9N2","H9N2_NA",15855.5292022792,1404,1404,100,8,"good"
"1408_d02","H9N2","H9N2_PA",9281.71478382148,2151,2151,100,8,"good"
"1408_d02","H9N2","H9N2_HA",17767.4096850862,1683,1683,100,8,"good"
"1408_d02","H9N2","H9N2_NS",26470.9618055556,864,864,100,8,"good"
"1408_d04","H9N2","H9N2_HA",16036.9019607843,1683,1683,100,8,"good"
"1408_d04","H9N2","H9N2_NS",26034.7887731481,864,864,100,8,"good"
"1408_d04","H9N2","H9N2_PB2",7422.51030701754,2280,2280,100,8,"good"
"1408_d04","H9N2","H9N2_NA",13623.3009259259,1404,1404,100,8,"good"
"1408_d04","H9N2","H9N2_PA",8928.75685727569,2151,2151,100,8,"good"
"1408_d04","H9N2","H9N2_PB1",10293.1543697848,2277,2277,100,8,"good"
"1408_d04","H9N2","H9N2_NP",17800.24749499,1497,1497,100,8,"good"
"1408_d04","H9N2","H9N2_MP",20844.7479633401,982,982,100,8,"good"
"1409_d04","H9N2","H9N2_PA",8777.23547187355,2151,2151,100,8,"good"
"1409_d04","H9N2","H9N2_HA",15484.5932857992,1683,1683,100,8,"good"
"1409_d04","H9N2","H9N2_PB2",6919.1673245614,2280,2280,100,8,"good"
"1409_d04","H9N2","H9N2_NA",13498.733974359,1404,1404,100,8,"good"
"1409_d04","H9N2","H9N2_PB1",9455.45630215195,2277,2277,100,8,"good"
"1409_d04","H9N2","H9N2_MP",19399.2138492872,982,982,100,8,"good"
"1409_d04","H9N2","H9N2_NS",23038.7361111111,864,864,100,8,"good"
"1409_d04","H9N2","H9N2_NP",18709.746492986,1497,1497,100,8,"good"
"1409_d06","H9N2","H9N2_NA",7088.71296296296,1404,1404,100,8,"good"
"1409_d06","H9N2","H9N2_NS",16966.5202546296,864,864,100,8,"good"
"1409_d06","H9N2","H9N2_MP",13685.7515274949,982,982,100,8,"good"
"1409_d06","H9N2","H9N2_NP",8525.87441549766,1497,1497,100,8,"good"
"1409_d06","H9N2","H9N2_HA",9846.40582293523,1683,1683,100,8,"good"
"1409_d06","H9N2","H9N2_PA",5548.86866573687,2151,2151,100,8,"good"
"1409_d06","H9N2","H9N2_PB1",5911.59661835749,2277,2277,100,8,"good"
"1409_d06","H9N2","H9N2_PB2",6482.80614035088,2280,2280,100,8,"good"
"1409_d08","H9N2","H9N2_PB1",12100.1161616162,2277,2277,100,8,"good"
"1409_d08","H9N2","H9N2_NS",22051.7644675926,864,864,100,8,"good"
"1409_d08","H9N2","H9N2_NA",15883.0918803419,1404,1404,100,8,"good"
"1409_d08","H9N2","H9N2_PA",13127.049511855,2151,2151,100,8,"good"
"1409_d08","H9N2","H9N2_MP",23962.3029531568,982,982,100,8,"good"
"1409_d08","H9N2","H9N2_PB2",12641.1236842105,2280,2280,100,8,"good"
"1409_d08","H9N2","H9N2_HA",18148.6779560309,1683,1683,100,8,"good"
"1409_d08","H9N2","H9N2_NP",21663.0841683367,1497,1497,100,8,"good"
"1410_d02","H9N2","H9N2_PB2",7631.35460526316,2280,2280,100,8,"good"
"1410_d02","H9N2","H9N2_MP",18148.617107943,982,982,100,8,"good"
"1410_d02","H9N2","H9N2_PA",8279.63412366341,2151,2151,100,8,"good"
"1410_d02","H9N2","H9N2_NS",24332.224537037,864,864,100,8,"good"
"1410_d02","H9N2","H9N2_NP",16944.6229124916,1497,1497,100,8,"good"
"1410_d02","H9N2","H9N2_PB1",9552.22156346069,2277,2277,100,8,"good"
"1410_d02","H9N2","H9N2_NA",12499.1018518519,1404,1404,100,8,"good"
"1410_d02","H9N2","H9N2_HA",13259.8458110517,1683,1683,100,8,"good"
"1410_d04","H9N2","H9N2_NS",17564.0763888889,864,864,100,8,"good"
"1410_d04","H9N2","H9N2_HA",6495.14289958408,1683,1683,100,8,"good"
"1410_d04","H9N2","H9N2_PA",3535.48814504881,2151,2151,100,8,"good"
"1410_d04","H9N2","H9N2_MP",11957.7067209776,982,982,100,8,"good"
"1410_d04","H9N2","H9N2_NP",8033.27822311289,1497,1497,100,8,"good"
"1410_d04","H9N2","H9N2_PB2",2513.0475877193,2280,2280,100,8,"good"
"1410_d04","H9N2","H9N2_NA",7693.22613960114,1404,1404,100,8,"good"
"1410_d04","H9N2","H9N2_PB1",4586.60496267018,2277,2277,100,8,"good"
"1410_d06","H9N2","H9N2_HA",5314.36066547831,1683,1683,100,8,"good"
"1410_d06","H9N2","H9N2_NS",12675.2424768519,864,864,100,8,"good"
"1410_d06","H9N2","H9N2_PB2",1825.9350877193,2280,2280,100,8,"good"
"1410_d06","H9N2","H9N2_PB1",NA,2276,2277,99.9560825647782,8,"good"
"1410_d06","H9N2","H9N2_PA",NA,2140,2151,99.488609948861,8,"good"
"1410_d06","H9N2","H9N2_NA",5188.49643874644,1404,1404,100,8,"good"
"1410_d06","H9N2","H9N2_NP",6475.30360721443,1497,1497,100,8,"good"
"1410_d06","H9N2","H9N2_MP",6016.44195519348,982,982,100,8,"good"
"1412_d08","H9N2","H9N2_MP",15223.0885947047,982,982,100,8,"good"
"1412_d08","H9N2","H9N2_NP",15488.0617902472,1497,1497,100,8,"good"
"1412_d08","H9N2","H9N2_PB1",6341.75230566535,2277,2277,100,8,"good"
"1412_d08","H9N2","H9N2_PB2",3743.68092105263,2280,2280,100,8,"good"
"1412_d08","H9N2","H9N2_HA",12845.9275103981,1683,1683,100,8,"good"
"1412_d08","H9N2","H9N2_PA",6255.09739655974,2151,2151,100,8,"good"
"1412_d08","H9N2","H9N2_NA",13857.3044871795,1404,1404,100,8,"good"
"1412_d08","H9N2","H9N2_NS",21181.2303240741,864,864,100,8,"good"
"1414_d04","H9N2","H9N2_MP",5065.31619144603,982,982,100,8,"good"
"1414_d04","H9N2","H9N2_PB1",NA,1241,2277,54.5015371102328,8,"good"
"1414_d04","H9N2","H9N2_PB2",961.200438596491,2208,2280,96.8421052631579,8,"good"
"1414_d04","H9N2","H9N2_PA",1254.3740120874,2151,2151,100,8,"good"
"1414_d04","H9N2","H9N2_NP",2443.4378757515,1497,1497,100,8,"good"
"1414_d04","H9N2","H9N2_NA",2491.16025641026,1404,1404,100,8,"good"
"1414_d04","H9N2","H9N2_HA",2635.76351752822,1683,1683,100,8,"good"
"1414_d04","H9N2","H9N2_NS",10460.9143518519,864,864,100,8,"good"
"1414_d06","H9N2","H9N2_HA",14611.0525846702,1683,1683,100,8,"good"
"1414_d06","H9N2","H9N2_NP",17459.0263861055,1497,1497,100,8,"good"
"1414_d06","H9N2","H9N2_NA",13333.5811965812,1404,1404,100,8,"good"
"1414_d06","H9N2","H9N2_NS",19293.3888888889,864,864,100,8,"good"
"1414_d06","H9N2","H9N2_PB2",8869.24166666667,2280,2280,100,8,"good"
"1414_d06","H9N2","H9N2_MP",19116.4047861507,982,982,100,8,"good"
"1414_d06","H9N2","H9N2_PA",9294.77870757787,2151,2151,100,8,"good"
"1414_d06","H9N2","H9N2_PB1",8948.08212560387,2277,2277,100,8,"good"
"1415_d02","H9N2","H9N2_NP",19074.6947227789,1497,1497,100,8,"good"
"1415_d02","H9N2","H9N2_NA",13471.0128205128,1404,1404,100,8,"good"
"1415_d02","H9N2","H9N2_MP",19523.9862525458,982,982,100,8,"good"
"1415_d02","H9N2","H9N2_NS",22209.5821759259,864,864,100,8,"good"
"1415_d02","H9N2","H9N2_HA",15326.0469399881,1683,1683,100,8,"good"
"1415_d02","H9N2","H9N2_PB2",8747.49934210526,2280,2280,100,8,"good"
"1415_d02","H9N2","H9N2_PA",10386.7933519293,2151,2151,100,8,"good"
"1415_d02","H9N2","H9N2_PB1",11203.639657444,2277,2277,100,8,"good"
"1415_d08","H9N2","H9N2_PB1",6573.4411506368,2277,2277,100,8,"good"
"1415_d08","H9N2","H9N2_HA",15062.2988710636,1683,1683,100,8,"good"
"1415_d08","H9N2","H9N2_NP",13563.084502338,1497,1497,100,8,"good"
"1415_d08","H9N2","H9N2_PA",6940.35820548582,2151,2151,100,8,"good"
"1415_d08","H9N2","H9N2_PB2",3678.61469298246,2280,2280,100,8,"good"
"1415_d08","H9N2","H9N2_MP",14717.0203665988,982,982,100,8,"good"
"1415_d08","H9N2","H9N2_NA",13198.7443019943,1404,1404,100,8,"good"
"1415_d08","H9N2","H9N2_NS",24585.9971064815,864,864,100,8,"good"
"1416_d02","H9N2","H9N2_PB2",9125.29627192982,2280,2280,100,8,"good"
"1416_d02","H9N2","H9N2_NS",24956.9728009259,864,864,100,8,"good"
"1416_d02","H9N2","H9N2_PA",10330.6287773129,2151,2151,100,8,"good"
"1416_d02","H9N2","H9N2_HA",16137.8654188948,1683,1683,100,8,"good"
"1416_d02","H9N2","H9N2_NP",20199.3824315297,1497,1497,100,8,"good"
"1416_d02","H9N2","H9N2_PB1",11094.8939393939,2277,2277,100,8,"good"
"1416_d02","H9N2","H9N2_MP",21357.1211812627,982,982,100,8,"good"
"1416_d02","H9N2","H9N2_NA",15377.9797008547,1404,1404,100,8,"good"
"1416_d04","H9N2","H9N2_PB1",5613.93675889328,2277,2277,100,8,"good"
"1416_d04","H9N2","H9N2_PA",5242.20827522083,2151,2151,100,8,"good"
"1416_d04","H9N2","H9N2_PB2",3864.84320175439,2280,2280,100,8,"good"
"1416_d04","H9N2","H9N2_MP",13052.8009164969,982,982,100,8,"good"
"1416_d04","H9N2","H9N2_NP",8051.93820975284,1497,1497,100,8,"good"
"1416_d04","H9N2","H9N2_NS",19632.8877314815,864,864,100,8,"good"
"1416_d04","H9N2","H9N2_HA",8830.5430778372,1683,1683,100,8,"good"
"1416_d04","H9N2","H9N2_NA",7486.38176638177,1404,1404,100,8,"good"
"1417_d08","H9N2","H9N2_HA",8989.45811051693,1683,1683,100,8,"good"
"1417_d08","H9N2","H9N2_NP",11100.2167668671,1497,1497,100,8,"good"
"1417_d08","H9N2","H9N2_PA",4905.1529521153,2151,2151,100,8,"good"
"1417_d08","H9N2","H9N2_NS",16740.994212963,864,864,100,8,"good"
"1417_d08","H9N2","H9N2_PB2",2816.93596491228,2280,2280,100,8,"good"
"1417_d08","H9N2","H9N2_MP",9787.60641547861,982,982,100,8,"good"
"1417_d08","H9N2","H9N2_NA",8223.77742165242,1404,1404,100,8,"good"
"1417_d08","H9N2","H9N2_PB1",4044.73166447079,2277,2277,100,8,"good"
"1417_d12","H9N2","H9N2_PB2",6156.52324561403,2280,2280,100,8,"good"
"1417_d12","H9N2","H9N2_NS",24073.541087963,864,864,100,8,"good"
"1417_d12","H9N2","H9N2_PA",7961.49976754998,2151,2151,100,8,"good"
"1417_d12","H9N2","H9N2_NA",12448.9138176638,1404,1404,100,8,"good"
"1417_d12","H9N2","H9N2_PB1",9081.18620992534,2277,2277,100,8,"good"
"1417_d12","H9N2","H9N2_NP",17346.4305277221,1497,1497,100,8,"good"
"1417_d12","H9N2","H9N2_HA",12136.1013071895,1683,1683,100,8,"good"
"1417_d12","H9N2","H9N2_MP",19215.6889002037,982,982,100,8,"good"
"1789_d02","H9N2","H9N2_MP",16776.7815682281,982,982,100,8,"good"
"1789_d02","H9N2","H9N2_PB1",10160.7944664032,2277,2277,100,8,"good"
"1789_d02","H9N2","H9N2_PB2",8052.8125,2280,2280,100,8,"good"
"1789_d02","H9N2","H9N2_NP",18557.4505678023,1497,1497,100,8,"good"
"1789_d02","H9N2","H9N2_PA",9880.17689446769,2151,2151,100,8,"good"
"1789_d02","H9N2","H9N2_NS",19805.1059027778,864,864,100,8,"good"
"1789_d02","H9N2","H9N2_HA",16427.3226381462,1683,1683,100,8,"good"
"1789_d02","H9N2","H9N2_NA",16505.0185185185,1404,1404,100,8,"good"
"1789_d04","H9N2","H9N2_NS",17670.7667824074,864,864,100,8,"good"
"1789_d04","H9N2","H9N2_MP",14883.3615071283,982,982,100,8,"good"
"1789_d04","H9N2","H9N2_PA",7180.06276150628,2151,2151,100,8,"good"
"1789_d04","H9N2","H9N2_NA",14201.1061253561,1404,1404,100,8,"good"
"1789_d04","H9N2","H9N2_PB1",7803.94993412385,2277,2277,100,8,"good"
"1789_d04","H9N2","H9N2_NP",14067.1118904476,1497,1497,100,8,"good"
"1789_d04","H9N2","H9N2_PB2",6083.04166666667,2280,2280,100,8,"good"
"1789_d04","H9N2","H9N2_HA",12248.0320855615,1683,1683,100,8,"good"
"1794_d02","H9N2","H9N2_NS",3339.01446759259,863,864,99.8842592592593,8,"good"
"1794_d02","H9N2","H9N2_NP",1073.35003340013,1491,1497,99.5991983967936,8,"good"
"1794_d02","H9N2","H9N2_HA",1059.42008318479,1653,1683,98.2174688057041,8,"good"
"1794_d02","H9N2","H9N2_PB2",242.470614035088,1722,2280,75.5263157894737,8,"good"
"1794_d02","H9N2","H9N2_MP",1281.51120162933,982,982,100,8,"good"
"1794_d02","H9N2","H9N2_PB1",NA,1487,2277,65.3052261747914,8,"good"
"1794_d02","H9N2","H9N2_PA",792.427243142724,2151,2151,100,8,"good"
"1794_d02","H9N2","H9N2_NA",1969.32727920228,1404,1404,100,8,"good"
"1794_d04","H9N2","H9N2_NS",13497.3732638889,864,864,100,8,"good"
"1794_d04","H9N2","H9N2_PB2",NA,2279,2280,99.9561403508772,8,"good"
"1794_d04","H9N2","H9N2_PA",NA,2150,2151,99.953509995351,8,"good"
"1794_d04","H9N2","H9N2_PB1",NA,2276,2277,99.9560825647782,8,"good"
"1794_d04","H9N2","H9N2_NA",NA,1403,1404,99.9287749287749,8,"good"
"1794_d04","H9N2","H9N2_HA",2515.1357694593,1676,1683,99.5840760546643,8,"good"
"1794_d04","H9N2","H9N2_MP",14769.5127291242,982,982,100,8,"good"
"1794_d04","H9N2","H9N2_NP",15776.4151636607,1497,1497,100,8,"good"
"1794_d06","H9N2","H9N2_NP",19143.6496325985,1497,1497,100,8,"good"
"1794_d06","H9N2","H9N2_MP",18425.2143584521,982,982,100,8,"good"
"1794_d06","H9N2","H9N2_PB1",11281.8249890206,2277,2277,100,8,"good"
"1794_d06","H9N2","H9N2_NS",18542.7997685185,864,864,100,8,"good"
"1794_d06","H9N2","H9N2_PA",7993.73012552301,2151,2151,100,8,"good"
"1794_d06","H9N2","H9N2_NA",16348.5683760684,1404,1404,100,8,"good"
"1794_d06","H9N2","H9N2_HA",16315.6339869281,1683,1683,100,8,"good"
"1794_d06","H9N2","H9N2_PB2",10938.9581140351,2280,2280,100,8,"good"
"1794_d08","H9N2","H9N2_MP",20249.08401222,982,982,100,8,"good"
"1794_d08","H9N2","H9N2_HA",16278.0445632799,1683,1683,100,8,"good"
"1794_d08","H9N2","H9N2_NA",15904.8956552707,1404,1404,100,8,"good"
"1794_d08","H9N2","H9N2_PB2",8042.13135964912,2280,2280,100,8,"good"
"1794_d08","H9N2","H9N2_PB1",12231.3023715415,2277,2277,100,8,"good"
"1794_d08","H9N2","H9N2_PA",11137.1285448629,2151,2151,100,8,"good"
"1794_d08","H9N2","H9N2_NP",19608.5731462926,1497,1497,100,8,"good"
"1794_d08","H9N2","H9N2_NS",19337.3206018519,864,864,100,8,"good"
"1794_d10","H9N2","H9N2_NA",993.331908831909,1387,1404,98.7891737891738,8,"good"
"1794_d10","H9N2","H9N2_PB2",324.983552631579,1993,2280,87.4122807017544,8,"good"
"1794_d10","H9N2","H9N2_PB1",448.931927975406,2194,2277,96.354852876592,8,"good"
"1794_d10","H9N2","H9N2_MP",1332.67515274949,982,982,100,8,"good"
"1794_d10","H9N2","H9N2_NS",2216.40625,861,864,99.6527777777778,8,"good"
"1794_d10","H9N2","H9N2_NP",564.157982631931,1482,1497,98.997995991984,8,"good"
"1794_d10","H9N2","H9N2_HA",1032.334818776,1657,1683,98.4551396316102,8,"good"
"1794_d10","H9N2","H9N2_PA",341.073221757322,2147,2151,99.814039981404,8,"good"
"1797_d02","H9N2","H9N2_PB2",NA,2279,2280,99.9561403508772,8,"good"
"1797_d02","H9N2","H9N2_NP",4049.88810955244,1497,1497,100,8,"good"
"1797_d02","H9N2","H9N2_PB1",2431.78458498024,2277,2277,100,8,"good"
"1797_d02","H9N2","H9N2_PA",NA,2149,2151,99.907019990702,8,"good"
"1797_d02","H9N2","H9N2_NS",11073.2731481481,864,864,100,8,"good"
"1797_d02","H9N2","H9N2_NA",3207.73896011396,1404,1404,100,8,"good"
"1797_d02","H9N2","H9N2_HA",5651.65953654189,1683,1683,100,8,"good"
"1797_d02","H9N2","H9N2_MP",6436.20926680244,982,982,100,8,"good"
"1797_d04","H9N2","H9N2_NA",12387.7247150997,1404,1404,100,8,"good"
"1797_d04","H9N2","H9N2_NP",19224.2431529726,1497,1497,100,8,"good"
"1797_d04","H9N2","H9N2_NS",18643.7835648148,864,864,100,8,"good"
"1797_d04","H9N2","H9N2_MP",19550.2968431772,982,982,100,8,"good"
"1797_d04","H9N2","H9N2_HA",13902.3273915627,1683,1683,100,8,"good"
"1797_d04","H9N2","H9N2_PB2",9741.1875,2280,2280,100,8,"good"
"1797_d04","H9N2","H9N2_PA",9338.85681078568,2151,2151,100,8,"good"
"1797_d04","H9N2","H9N2_PB1",11280.1403162055,2277,2277,100,8,"good"
"1797_d06","H9N2","H9N2_PB2",11292.9780701754,2280,2280,100,8,"good"
"1797_d06","H9N2","H9N2_PB1",12210.3050065876,2277,2277,100,8,"good"
"1797_d06","H9N2","H9N2_MP",20256.9373727088,982,982,100,8,"good"
"1797_d06","H9N2","H9N2_PA",10025.6450488145,2151,2151,100,8,"good"
"1797_d06","H9N2","H9N2_NA",17897.4383903134,1404,1404,100,8,"good"
"1797_d06","H9N2","H9N2_HA",16669.7834224599,1683,1683,100,8,"good"
"1797_d06","H9N2","H9N2_NS",18911.9878472222,864,864,100,8,"good"
"1797_d06","H9N2","H9N2_NP",19389.8062792251,1497,1497,100,8,"good"
"1797_d08","H9N2","H9N2_PB1",10162.7389108476,2277,2277,100,8,"good"
"1797_d08","H9N2","H9N2_NS",20064.9797453704,864,864,100,8,"good"
"1797_d08","H9N2","H9N2_PA",9987.94839609484,2151,2151,100,8,"good"
"1797_d08","H9N2","H9N2_HA",14851.7445038622,1683,1683,100,8,"good"
"1797_d08","H9N2","H9N2_NP",17677.1239144957,1497,1497,100,8,"good"
"1797_d08","H9N2","H9N2_PB2",8576.14407894737,2280,2280,100,8,"good"
"1797_d08","H9N2","H9N2_MP",19898.7601832994,982,982,100,8,"good"
"1797_d08","H9N2","H9N2_NA",15311.3190883191,1404,1404,100,8,"good"
"1800_d02","H9N2","H9N2_PB2",7620.96337719298,2280,2280,100,8,"good"
"1800_d02","H9N2","H9N2_NP",19319.1917167669,1497,1497,100,8,"good"
"1800_d02","H9N2","H9N2_NA",16004.5865384615,1404,1404,100,8,"good"
"1800_d02","H9N2","H9N2_HA",15432.3903743316,1683,1683,100,8,"good"
"1800_d02","H9N2","H9N2_PB1",10259.088493632,2277,2277,100,8,"good"
"1800_d02","H9N2","H9N2_PA",9856.5460251046,2151,2151,100,8,"good"
"1800_d02","H9N2","H9N2_MP",18458.8548879837,982,982,100,8,"good"
"1800_d02","H9N2","H9N2_NS",20429.4890046296,864,864,100,8,"good"
"1800_d04","H9N2","H9N2_PA",7106.08809855881,2151,2151,100,8,"good"
"1800_d04","H9N2","H9N2_HA",13556.0350564468,1683,1683,100,8,"good"
"1800_d04","H9N2","H9N2_MP",15935.1624236253,982,982,100,8,"good"
"1800_d04","H9N2","H9N2_NA",13712.1014957265,1404,1404,100,8,"good"
"1800_d04","H9N2","H9N2_NP",14635.8186372745,1497,1497,100,8,"good"
"1800_d04","H9N2","H9N2_PB2",5916.27390350877,2280,2280,100,8,"good"
"1800_d04","H9N2","H9N2_PB1",7910.87198067633,2277,2277,100,8,"good"
"1800_d04","H9N2","H9N2_NS",18430.1712962963,864,864,100,8,"good"
"1800_d06","H9N2","H9N2_NA",16602.4273504274,1404,1404,100,8,"good"
"1800_d06","H9N2","H9N2_NP",16406.0998663995,1497,1497,100,8,"good"
"1800_d06","H9N2","H9N2_PB1",7815.00197628458,2277,2277,100,8,"good"
"1800_d06","H9N2","H9N2_NS",23095.0549768519,864,864,100,8,"good"
"1800_d06","H9N2","H9N2_HA",17933.233808675,1683,1683,100,8,"good"
"1800_d06","H9N2","H9N2_PA",8895.93723849372,2151,2151,100,8,"good"
"1800_d06","H9N2","H9N2_PB2",5845.1451754386,2280,2280,100,8,"good"
"1800_d06","H9N2","H9N2_MP",17617.3080448065,982,982,100,8,"good"
"1801_d02","H9N2","H9N2_MP",21379.6710794297,982,982,100,8,"good"
"1801_d02","H9N2","H9N2_PA",8194.47629009763,2151,2151,100,8,"good"
"1801_d02","H9N2","H9N2_NS",23451.6232638889,864,864,100,8,"good"
"1801_d02","H9N2","H9N2_PB1",8024.51778656126,2277,2277,100,8,"good"
"1801_d02","H9N2","H9N2_HA",16327.0894236482,1683,1683,100,8,"good"
"1801_d02","H9N2","H9N2_NA",17213.5865384615,1404,1404,100,8,"good"
"1801_d02","H9N2","H9N2_NP",20871.7828991316,1497,1497,100,8,"good"
"1801_d02","H9N2","H9N2_PB2",5633.87521929825,2280,2280,100,8,"good"
"1801_d04","H9N2","H9N2_PB1",6575.67523056653,2277,2277,100,8,"good"
"1801_d04","H9N2","H9N2_PB2",5743.08311403509,2280,2280,100,8,"good"
"1801_d04","H9N2","H9N2_HA",14563.3612596554,1683,1683,100,8,"good"
"1801_d04","H9N2","H9N2_NS",20437.7418981481,864,864,100,8,"good"
"1801_d04","H9N2","H9N2_NA",14205.8985042735,1404,1404,100,8,"good"
"1801_d04","H9N2","H9N2_PA",7254.9109716411,2151,2151,100,8,"good"
"1801_d04","H9N2","H9N2_NP",16733.9482297929,1497,1497,100,8,"good"
"1801_d04","H9N2","H9N2_MP",15724.2113034623,982,982,100,8,"good"
"1910_d02","H9N2","H9N2_PB2",4665.12346491228,2280,2280,100,8,"good"
"1910_d02","H9N2","H9N2_PB1",5790.22353974528,2277,2277,100,8,"good"
"1910_d02","H9N2","H9N2_HA",10770.9539512775,1683,1683,100,8,"good"
"1910_d02","H9N2","H9N2_NS",15985.7928240741,864,864,100,8,"good"
"1910_d02","H9N2","H9N2_PA",5884.2389586239,2151,2151,100,8,"good"
"1910_d02","H9N2","H9N2_NA",10472.1730769231,1404,1404,100,8,"good"
"1910_d02","H9N2","H9N2_NP",12706.839011356,1497,1497,100,8,"good"
"1910_d02","H9N2","H9N2_MP",13283.8650712831,982,982,100,8,"good"
"1912_d02","H9N2","H9N2_NA",17330.9024216524,1404,1404,100,8,"good"
"1912_d02","H9N2","H9N2_NP",19299.5143620574,1497,1497,100,8,"good"
"1912_d02","H9N2","H9N2_PB2",6277.59802631579,2280,2280,100,8,"good"
"1912_d02","H9N2","H9N2_NS",24139.3217592593,864,864,100,8,"good"
"1912_d02","H9N2","H9N2_HA",18839.1497326203,1683,1683,100,8,"good"
"1912_d02","H9N2","H9N2_PA",9750.35611343561,2151,2151,100,8,"good"
"1912_d02","H9N2","H9N2_MP",18549.4903258656,982,982,100,8,"good"
"1912_d02","H9N2","H9N2_PB1",8273.30478700044,2277,2277,100,8,"good"
"1912_d04","H9N2","H9N2_HA",14035.4058229352,1683,1683,100,8,"good"
"1912_d04","H9N2","H9N2_NA",13940.7033475783,1404,1404,100,8,"good"
"1912_d04","H9N2","H9N2_NP",13821.4462257849,1497,1497,100,8,"good"
"1912_d04","H9N2","H9N2_NS",21375.5451388889,864,864,100,8,"good"
"1912_d04","H9N2","H9N2_MP",16328.2795315682,982,982,100,8,"good"
"1912_d04","H9N2","H9N2_PA",7092.16643421664,2151,2151,100,8,"good"
"1912_d04","H9N2","H9N2_PB1",7863.68774703557,2277,2277,100,8,"good"
"1912_d04","H9N2","H9N2_PB2",5917.39385964912,2280,2280,100,8,"good"
"1912_d06","H9N2","H9N2_PB2",2582.82807017544,2280,2280,100,8,"good"
"1912_d06","H9N2","H9N2_NA",9433.3514957265,1404,1404,100,8,"good"
"1912_d06","H9N2","H9N2_NP",8402.52738810955,1497,1497,100,8,"good"
"1912_d06","H9N2","H9N2_NS",17738.171875,864,864,100,8,"good"
"1912_d06","H9N2","H9N2_PA",3883.6229660623,2151,2151,100,8,"good"
"1912_d06","H9N2","H9N2_PB1",4306.12714097497,2277,2277,100,8,"good"
"1912_d06","H9N2","H9N2_HA",8368.94385026738,1683,1683,100,8,"good"
"1912_d06","H9N2","H9N2_MP",11736.4781059063,982,982,100,8,"good"
"1913_d06","H9N2","H9N2_NA",11178.3885327635,1404,1404,100,8,"good"
"1913_d06","H9N2","H9N2_PB2",10618.9298245614,2280,2280,100,8,"good"
"1913_d06","H9N2","H9N2_PB1",13801.1418533158,2277,2277,100,8,"good"
"1913_d06","H9N2","H9N2_NS",19821.7511574074,864,864,100,8,"good"
"1913_d06","H9N2","H9N2_HA",13298.3490790255,1683,1683,100,8,"good"
"1913_d06","H9N2","H9N2_NP",21413.6676686707,1497,1497,100,8,"good"
"1913_d06","H9N2","H9N2_MP",21438.7474541752,982,982,100,8,"good"
"1913_d06","H9N2","H9N2_PA",8977.42933519293,2151,2151,100,8,"good"
"1913_d08","H9N2","H9N2_MP",17604.683299389,982,982,100,8,"good"
"1913_d08","H9N2","H9N2_NS",18385.421875,864,864,100,8,"good"
"1913_d08","H9N2","H9N2_NA",13608.3945868946,1404,1404,100,8,"good"
"1913_d08","H9N2","H9N2_PB1",10088.5597277119,2277,2277,100,8,"good"
"1913_d08","H9N2","H9N2_NP",17355.838009352,1497,1497,100,8,"good"
"1913_d08","H9N2","H9N2_HA",12974.196969697,1683,1683,100,8,"good"
"1913_d08","H9N2","H9N2_PB2",8682.08969298246,2280,2280,100,8,"good"
"1913_d08","H9N2","H9N2_PA",9550.31589958159,2151,2151,100,8,"good"
"1913_d10","H9N2","H9N2_PA",9744.10971641097,2151,2151,100,8,"good"
"1913_d10","H9N2","H9N2_PB1",9275.57883179622,2277,2277,100,8,"good"
"1913_d10","H9N2","H9N2_PB2",8920.18377192982,2280,2280,100,8,"good"
"1913_d10","H9N2","H9N2_NA",12150.4294871795,1404,1404,100,8,"good"
"1913_d10","H9N2","H9N2_HA",11976.1687462864,1683,1683,100,8,"good"
"1913_d10","H9N2","H9N2_NP",16388.9442217769,1497,1497,100,8,"good"
"1913_d10","H9N2","H9N2_MP",18354.7698574338,982,982,100,8,"good"
"1913_d10","H9N2","H9N2_NS",18259.6001157407,864,864,100,8,"good"
"1914_d06","H9N2","H9N2_PB2",9633.04890350877,2280,2280,100,8,"good"
"1914_d06","H9N2","H9N2_PA",9639.55323105532,2151,2151,100,8,"good"
"1914_d06","H9N2","H9N2_NP",17517.0778223113,1497,1497,100,8,"good"
"1914_d06","H9N2","H9N2_MP",19197.3788187373,982,982,100,8,"good"
"1914_d06","H9N2","H9N2_NS",16749.5538194444,864,864,100,8,"good"
"1914_d06","H9N2","H9N2_PB1",10199.7602108037,2277,2277,100,8,"good"
"1914_d06","H9N2","H9N2_NA",13334.3550569801,1404,1404,100,8,"good"
"1914_d06","H9N2","H9N2_HA",13429.0448603684,1683,1683,100,8,"good"
"1968_d02","H9N2","H9N2_NS",22680.7702546296,864,864,100,8,"good"
"1968_d02","H9N2","H9N2_PB1",6596.73913043478,2277,2277,100,8,"good"
"1968_d02","H9N2","H9N2_HA",12354.8357100416,1683,1683,100,8,"good"
"1968_d02","H9N2","H9N2_NA",12614.235042735,1404,1404,100,8,"good"
"1968_d02","H9N2","H9N2_PB2",6753.09364035088,2280,2280,100,8,"good"
"1968_d02","H9N2","H9N2_MP",15956.7617107943,982,982,100,8,"good"
"1968_d02","H9N2","H9N2_PA",6849.67247791725,2151,2151,100,8,"good"
"1968_d02","H9N2","H9N2_NP",15636.5604542418,1497,1497,100,8,"good"
"1970_d02","H9N2","H9N2_PB1",7148.43697848046,2277,2277,100,8,"good"
"1970_d02","H9N2","H9N2_NS",23859.4288194444,864,864,100,8,"good"
"1970_d02","H9N2","H9N2_NA",14393.3361823362,1404,1404,100,8,"good"
"1970_d02","H9N2","H9N2_PA",7565.41050674105,2151,2151,100,8,"good"
"1970_d02","H9N2","H9N2_HA",14012.0564468212,1683,1683,100,8,"good"
"1970_d02","H9N2","H9N2_NP",18367.542752171,1497,1497,100,8,"good"
"1970_d02","H9N2","H9N2_PB2",4450.61995614035,2280,2280,100,8,"good"
"1970_d02","H9N2","H9N2_MP",17378.3253564155,982,982,100,8,"good"
"1972_d02","H9N2","H9N2_NS",12746.1001157407,864,864,100,8,"good"
"1972_d02","H9N2","H9N2_MP",8111.01883910387,982,982,100,8,"good"
"1972_d02","H9N2","H9N2_PB2",NA,2055,2280,90.1315789473684,8,"good"
"1972_d02","H9N2","H9N2_PB1",NA,2222,2277,97.5845410628019,8,"good"
"1972_d02","H9N2","H9N2_NP",7215.51436205745,1497,1497,100,8,"good"
"1972_d02","H9N2","H9N2_PA",NA,2129,2151,98.977219897722,8,"good"
"1972_d02","H9N2","H9N2_NA",5796.42556980057,1404,1404,100,8,"good"
"1972_d02","H9N2","H9N2_HA",6266.77391562686,1683,1683,100,8,"good"
"1973_d02","H9N2","H9N2_PB1",9069.25054896794,2277,2277,100,8,"good"
"1973_d02","H9N2","H9N2_MP",20371.4882892057,982,982,100,8,"good"
"1973_d02","H9N2","H9N2_NS",24073.9033564815,864,864,100,8,"good"
"1973_d02","H9N2","H9N2_NP",19795.3036072144,1497,1497,100,8,"good"
"1973_d02","H9N2","H9N2_PB2",6722.53925438597,2280,2280,100,8,"good"
"1973_d02","H9N2","H9N2_HA",17491.1351752822,1683,1683,100,8,"good"
"1973_d02","H9N2","H9N2_PA",9540.10715946072,2151,2151,100,8,"good"
"1973_d02","H9N2","H9N2_NA",16966.8924501425,1404,1404,100,8,"good"
"1973_d06","H9N2","H9N2_HA",875.873143196673,1653,1683,98.2174688057041,8,"good"
"1973_d06","H9N2","H9N2_MP",2692.35641547861,982,982,100,8,"good"
"1973_d06","H9N2","H9N2_NA",1379.12108262108,1387,1404,98.7891737891738,8,"good"
"1973_d06","H9N2","H9N2_PA",545.808926080893,2151,2151,100,8,"good"
"1973_d06","H9N2","H9N2_PB1",709.789415898112,2266,2277,99.5169082125604,8,"good"
"1973_d06","H9N2","H9N2_NS",5106.67708333333,864,864,100,8,"good"
"1973_d06","H9N2","H9N2_PB2",292.782236842105,921,2280,40.3947368421053,8,"good"
"1973_d06","H9N2","H9N2_NP",1003.14796259185,1491,1497,99.5991983967936,8,"good"
"1974_d02","H9N2","H9N2_PB1",6842.33289415898,2277,2277,100,8,"good"
"1974_d02","H9N2","H9N2_HA",13258.3226381462,1683,1683,100,8,"good"
"1974_d02","H9N2","H9N2_PA",7384.21408647141,2151,2151,100,8,"good"
"1974_d02","H9N2","H9N2_PB2",5419.66293859649,2280,2280,100,8,"good"
"1974_d02","H9N2","H9N2_NS",19676.4143518519,864,864,100,8,"good"
"1974_d02","H9N2","H9N2_MP",14959.3324847251,982,982,100,8,"good"
"1974_d02","H9N2","H9N2_NA",13062.7485754986,1404,1404,100,8,"good"
"1974_d02","H9N2","H9N2_NP",15877.9665998664,1497,1497,100,8,"good"
"1974_d04","H9N2","H9N2_PB2",2902.60065789474,2280,2280,100,8,"good"
"1974_d04","H9N2","H9N2_PB1",3653.30720245938,2277,2277,100,8,"good"
"1974_d04","H9N2","H9N2_NA",NA,1403,1404,99.9287749287749,8,"good"
"1974_d04","H9N2","H9N2_MP",9423.68380855397,982,982,100,8,"good"
"1974_d04","H9N2","H9N2_PA",3871.05578800558,2151,2151,100,8,"good"
"1974_d04","H9N2","H9N2_HA",NA,1682,1683,99.9405822935235,8,"good"
"1974_d04","H9N2","H9N2_NS",13523.6851851852,864,864,100,8,"good"
"1974_d04","H9N2","H9N2_NP",9195.38410153641,1497,1497,100,8,"good"
"1975_d04","H9N2","H9N2_PB1",11246.8324549846,2277,2277,100,8,"good"
"1975_d04","H9N2","H9N2_NS",24073.8645833333,864,864,100,8,"good"
"1975_d04","H9N2","H9N2_HA",18071.0014854427,1683,1683,100,8,"good"
"1975_d04","H9N2","H9N2_PA",10606.8312412831,2151,2151,100,8,"good"
"1975_d04","H9N2","H9N2_MP",20893.2973523422,982,982,100,8,"good"
"1975_d04","H9N2","H9N2_NP",18490.4976619906,1497,1497,100,8,"good"
"1975_d04","H9N2","H9N2_NA",15779.4743589744,1404,1404,100,8,"good"
"1975_d04","H9N2","H9N2_PB2",9034.27850877193,2280,2280,100,8,"good"
"1975_d06","H9N2","H9N2_PB2",3618.11754385965,2280,2280,100,8,"good"
"1975_d06","H9N2","H9N2_NP",8610.15931863727,1497,1497,100,8,"good"
"1975_d06","H9N2","H9N2_PB1",5339.08871321915,2277,2277,100,8,"good"
"1975_d06","H9N2","H9N2_MP",14646.1731160896,982,982,100,8,"good"
"1975_d06","H9N2","H9N2_NS",17281.6076388889,864,864,100,8,"good"
"1975_d06","H9N2","H9N2_PA",4526.23733147373,2151,2151,100,8,"good"
"1975_d06","H9N2","H9N2_NA",8855.37784900285,1404,1404,100,8,"good"
"1975_d06","H9N2","H9N2_HA",8665.14171122995,1683,1683,100,8,"good"
"1977_d02","H9N2","H9N2_NS",22620.7528935185,864,864,100,8,"good"
"1977_d02","H9N2","H9N2_HA",12685.7136066548,1683,1683,100,8,"good"
"1977_d02","H9N2","H9N2_PB2",4609.62763157895,2280,2280,100,8,"good"
"1977_d02","H9N2","H9N2_PB1",6591.15217391304,2277,2277,100,8,"good"
"1977_d02","H9N2","H9N2_NP",16632.8780895124,1497,1497,100,8,"good"
"1977_d02","H9N2","H9N2_MP",16577.6873727088,982,982,100,8,"good"
"1977_d02","H9N2","H9N2_PA",7705.3279869828,2151,2151,100,8,"good"
"1977_d02","H9N2","H9N2_NA",13038.6022079772,1404,1404,100,8,"good"
"1977_d06","H9N2","H9N2_MP",4238.61558044806,982,982,100,8,"good"
"1977_d06","H9N2","H9N2_PB2",240.083552631579,1401,2280,61.4473684210526,8,"good"
"1977_d06","H9N2","H9N2_HA",1166.74450386215,1664,1683,98.8710635769459,8,"good"
"1977_d06","H9N2","H9N2_NS",6104.61168981481,864,864,100,8,"good"
"1977_d06","H9N2","H9N2_NP",2460.11122244489,1497,1497,100,8,"good"
"1977_d06","H9N2","H9N2_PA",517.240585774059,2151,2151,100,8,"good"
"1977_d06","H9N2","H9N2_PB1",602.127140974967,2277,2277,100,8,"good"
"1977_d06","H9N2","H9N2_NA",1230.53098290598,1387,1404,98.7891737891738,8,"good"
"1980_d02","H9N2","H9N2_PB1",6283.38669301713,2277,2277,100,8,"good"
"1980_d02","H9N2","H9N2_NP",9422.68971275885,1497,1497,100,8,"good"
"1980_d02","H9N2","H9N2_MP",7652.89867617108,982,982,100,8,"good"
"1980_d02","H9N2","H9N2_NS",11351.9809027778,864,864,100,8,"good"
"1980_d02","H9N2","H9N2_HA",7136.32679738562,1683,1683,100,8,"good"
"1980_d02","H9N2","H9N2_PB2",3824.51776315789,2280,2280,100,8,"good"
"1980_d02","H9N2","H9N2_PA",3850.92910274291,2151,2151,100,8,"good"
"1980_d02","H9N2","H9N2_NA",5782.39743589744,1404,1404,100,8,"good"
"1980_d04","H9N2","H9N2_NA",13212.6435185185,1404,1404,100,8,"good"
"1980_d04","H9N2","H9N2_PB1",11572.6934563022,2277,2277,100,8,"good"
"1980_d04","H9N2","H9N2_PA",10862.7742910274,2151,2151,100,8,"good"
"1980_d04","H9N2","H9N2_PB2",9681.98881578947,2280,2280,100,8,"good"
"1980_d04","H9N2","H9N2_HA",15463.1161616162,1683,1683,100,8,"good"
"1980_d04","H9N2","H9N2_MP",20343.9954175153,982,982,100,8,"good"
"1980_d04","H9N2","H9N2_NP",19344.459251837,1497,1497,100,8,"good"
"1980_d04","H9N2","H9N2_NS",20189.9212962963,864,864,100,8,"good"
"1980_d06","H9N2","H9N2_NA",8731.48611111111,1404,1404,100,8,"good"
"1980_d06","H9N2","H9N2_PA",9394.21059972106,2151,2151,100,8,"good"
"1980_d06","H9N2","H9N2_PB2",6478.57083333333,2280,2280,100,8,"good"
"1980_d06","H9N2","H9N2_NS",21451.8715277778,864,864,100,8,"good"
"1980_d06","H9N2","H9N2_NP",18910.5450901804,1497,1497,100,8,"good"
"1980_d06","H9N2","H9N2_PB1",11968.1016688625,2277,2277,100,8,"good"
"1980_d06","H9N2","H9N2_MP",19731.1817718941,982,982,100,8,"good"
"1980_d06","H9N2","H9N2_HA",14422.8865121806,1683,1683,100,8,"good"
"1980_d08","H9N2","H9N2_PB1",12354.391523935,2277,2277,100,8,"good"
"1980_d08","H9N2","H9N2_NP",19541.8420173681,1497,1497,100,8,"good"
"1980_d08","H9N2","H9N2_PA",12853.1178521618,2151,2151,100,8,"good"
"1980_d08","H9N2","H9N2_PB2",10970.1752192982,2280,2280,100,8,"good"
"1980_d08","H9N2","H9N2_NS",22105.0190972222,864,864,100,8,"good"
"1980_d08","H9N2","H9N2_HA",15692.8149138443,1683,1683,100,8,"good"
"1980_d08","H9N2","H9N2_NA",15396.7004985755,1404,1404,100,8,"good"
"1980_d08","H9N2","H9N2_MP",20226.2637474542,982,982,100,8,"good"
"1981_d10","H9N2","H9N2_NS",15795.7679398148,864,864,100,8,"good"
"1981_d10","H9N2","H9N2_MP",15969.7255600815,982,982,100,8,"good"
"1981_d10","H9N2","H9N2_NP",7683.93720774883,1497,1497,100,8,"good"
"1981_d10","H9N2","H9N2_HA",4983.10130718954,1683,1683,100,8,"good"
"1981_d10","H9N2","H9N2_PB2",1634.11425438596,2280,2280,100,8,"good"
"1981_d10","H9N2","H9N2_NA",7257.46901709402,1404,1404,100,8,"good"
"1981_d10","H9N2","H9N2_PB1",2694.16051822574,2277,2277,100,8,"good"
"1981_d10","H9N2","H9N2_PA",3410.88516968852,2151,2151,100,8,"good"
"1984_d02","H9N2","H9N2_NP",17325.2294589178,1497,1497,100,8,"good"
"1984_d02","H9N2","H9N2_HA",11875.1577540107,1683,1683,100,8,"good"
"1984_d02","H9N2","H9N2_PA",5992.43375174338,2151,2151,100,8,"good"
"1984_d02","H9N2","H9N2_NA",13883.0787037037,1404,1404,100,8,"good"
"1984_d02","H9N2","H9N2_PB2",3882.05043859649,2280,2280,100,8,"good"
"1984_d02","H9N2","H9N2_MP",20315.0641547862,982,982,100,8,"good"
"1984_d02","H9N2","H9N2_PB1",6616.3557312253,2277,2277,100,8,"good"
"1984_d02","H9N2","H9N2_NS",25244.5266203704,864,864,100,8,"good"
"1984_d04","H9N2","H9N2_PA",6058.04718735472,2151,2151,100,8,"good"
"1984_d04","H9N2","H9N2_MP",16604.4149694501,982,982,100,8,"good"
"1984_d04","H9N2","H9N2_PB2",5016.22938596491,2280,2280,100,8,"good"
"1984_d04","H9N2","H9N2_PB1",6776.4659639877,2277,2277,100,8,"good"
"1984_d04","H9N2","H9N2_NP",14209.5871743487,1497,1497,100,8,"good"
"1984_d04","H9N2","H9N2_NS",21521.1649305556,864,864,100,8,"good"
"1984_d04","H9N2","H9N2_HA",11202.8778966132,1683,1683,100,8,"good"
"1984_d04","H9N2","H9N2_NA",10804.4707977208,1404,1404,100,8,"good"
"1986_d10","H9N2","H9N2_PA",3144.73059042306,2147,2151,99.814039981404,8,"good"
"1986_d10","H9N2","H9N2_NA",6233.71723646724,1404,1404,100,8,"good"
"1986_d10","H9N2","H9N2_NP",4568.82665330661,1497,1497,100,8,"good"
"1986_d10","H9N2","H9N2_MP",12377.299898167,982,982,100,8,"good"
"1986_d10","H9N2","H9N2_NS",21287.916087963,864,864,100,8,"good"
"1986_d10","H9N2","H9N2_HA",5316.62448009507,1683,1683,100,8,"good"
"1986_d10","H9N2","H9N2_PB1",2377.95849802372,2277,2277,100,8,"good"
"1986_d10","H9N2","H9N2_PB2",3388.03245614035,2280,2280,100,8,"good"
"2231_d04","H9N2","H9N2_PA",4660.46954904695,2151,2151,100,8,"good"
"2231_d04","H9N2","H9N2_PB2",NA,2279,2280,99.9561403508772,8,"good"
"2231_d04","H9N2","H9N2_NA",6179.09508547009,1404,1404,100,8,"good"
"2231_d04","H9N2","H9N2_NS",9402.17013888889,864,864,100,8,"good"
"2231_d04","H9N2","H9N2_MP",6154.22454175153,982,982,100,8,"good"
"2231_d04","H9N2","H9N2_HA",6201.65656565657,1683,1683,100,8,"good"
"2231_d04","H9N2","H9N2_PB1",2130.47562582345,2277,2277,100,8,"good"
"2231_d04","H9N2","H9N2_NP",NA,666,1497,44.4889779559118,8,"good"
"2231_d06","H9N2","H9N2_PB1",10606.1690821256,2277,2277,100,8,"good"
"2231_d06","H9N2","H9N2_MP",19669.9124236253,982,982,100,8,"good"
"2231_d06","H9N2","H9N2_NA",14311.2735042735,1404,1404,100,8,"good"
"2231_d06","H9N2","H9N2_NP",18327.4238476954,1497,1497,100,8,"good"
"2231_d06","H9N2","H9N2_HA",15440.2703505645,1683,1683,100,8,"good"
"2231_d06","H9N2","H9N2_PA",9542.65713621571,2151,2151,100,8,"good"
"2231_d06","H9N2","H9N2_PB2",11027.1458333333,2280,2280,100,8,"good"
"2231_d06","H9N2","H9N2_NS",22199.0243055556,864,864,100,8,"good"
"2232_d02","H9N2","H9N2_HA",7232.56209150327,1683,1683,100,8,"good"
"2232_d02","H9N2","H9N2_NP",7561.1957247829,1497,1497,100,8,"good"
"2232_d02","H9N2","H9N2_NA",6534.4155982906,1404,1404,100,8,"good"
"2232_d02","H9N2","H9N2_PB1",2410.51251646904,2277,2277,100,8,"good"
"2232_d02","H9N2","H9N2_PA",NA,2150,2151,99.953509995351,8,"good"
"2232_d02","H9N2","H9N2_PB2",2325.45789473684,2280,2280,100,8,"good"
"2232_d02","H9N2","H9N2_MP",8185.94959266802,982,982,100,8,"good"
"2232_d02","H9N2","H9N2_NS",11642.2893518519,864,864,100,8,"good"
"2232_d06","H9N2","H9N2_PB2",12498.2629385965,2280,2280,100,8,"good"
"2232_d06","H9N2","H9N2_PA",13588.5706648071,2151,2151,100,8,"good"
"2232_d06","H9N2","H9N2_NA",17322.3133903134,1404,1404,100,8,"good"
"2232_d06","H9N2","H9N2_HA",19808.9120617944,1683,1683,100,8,"good"
"2232_d06","H9N2","H9N2_MP",20657.133401222,982,982,100,8,"good"
"2232_d06","H9N2","H9N2_NS",23767.6487268519,864,864,100,8,"good"
"2232_d06","H9N2","H9N2_PB1",12458.9178743961,2277,2277,100,8,"good"
"2232_d06","H9N2","H9N2_NP",18684.9736138945,1497,1497,100,8,"good"
"2232_d08","H9N2","H9N2_NP",584.507014028056,1490,1497,99.5323981295925,8,"good"
"2232_d08","H9N2","H9N2_NS",20539.6116898148,864,864,100,8,"good"
"2232_d08","H9N2","H9N2_PB1",NA,1387,2277,60.9134826526131,8,"good"
"2232_d08","H9N2","H9N2_MP",11181.1985743381,982,982,100,8,"good"
"2232_d08","H9N2","H9N2_PA",7012.9539748954,933,2151,43.3751743375174,8,"good"
"2232_d08","H9N2","H9N2_HA",667.636066547831,1672,1683,99.3464052287582,8,"good"
"2232_d08","H9N2","H9N2_NA",1337.94693732194,1404,1404,100,8,"good"
"2232_d08","H9N2","H9N2_PB2",NA,969,2280,42.5,8,"good"
"2233_d04","H9N2","H9N2_PB2",6122.04298245614,2280,2280,100,8,"good"
"2233_d04","H9N2","H9N2_PB1",8534.73935002196,2277,2277,100,8,"good"
"2233_d04","H9N2","H9N2_HA",15117.9135472371,1683,1683,100,8,"good"
"2233_d04","H9N2","H9N2_NA",14836.5961538462,1404,1404,100,8,"good"
"2233_d04","H9N2","H9N2_MP",17443.1751527495,982,982,100,8,"good"
"2233_d04","H9N2","H9N2_PA",7653.63365876337,2151,2151,100,8,"good"
"2233_d04","H9N2","H9N2_NS",21370.7216435185,864,864,100,8,"good"
"2233_d04","H9N2","H9N2_NP",15414.705744823,1497,1497,100,8,"good"
"2234_d04","H9N2","H9N2_NP",1559.46593186373,1497,1497,100,8,"good"
"2234_d04","H9N2","H9N2_PB1",3488.72485726834,1339,2277,58.8054457619675,8,"good"
"2234_d04","H9N2","H9N2_PB2",NA,977,2280,42.8508771929825,8,"good"
"2234_d04","H9N2","H9N2_HA",1646.86541889483,1678,1683,99.7029114676174,8,"good"
"2234_d04","H9N2","H9N2_MP",11663.5702647658,982,982,100,8,"good"
"2234_d04","H9N2","H9N2_PA",NA,1281,2151,59.5536959553696,8,"good"
"2234_d04","H9N2","H9N2_NS",20306.4716435185,864,864,100,8,"good"
"2234_d04","H9N2","H9N2_NA",2360.66773504273,1404,1404,100,8,"good"
"2239_d02","H9N2","H9N2_NP",16339.0160320641,1497,1497,100,8,"good"
"2239_d02","H9N2","H9N2_MP",13836.4475560081,982,982,100,8,"good"
"2239_d02","H9N2","H9N2_NS",18557.3871527778,864,864,100,8,"good"
"2239_d02","H9N2","H9N2_PB2",6075.65526315789,2280,2280,100,8,"good"
"2239_d02","H9N2","H9N2_HA",14356.5606060606,1683,1683,100,8,"good"
"2239_d02","H9N2","H9N2_PB1",5646.91304347826,2277,2277,100,8,"good"
"2239_d02","H9N2","H9N2_NA",9206.78383190883,1404,1404,100,8,"good"
"2239_d02","H9N2","H9N2_PA",5741.87168758717,2151,2151,100,8,"good"
"2239_d04","H9N2","H9N2_PA",4809.23268247327,2151,2151,100,8,"good"
"2239_d04","H9N2","H9N2_NP",6045.46426185705,1497,1497,100,8,"good"
"2239_d04","H9N2","H9N2_NA",3773.48290598291,1404,1404,100,8,"good"
"2239_d04","H9N2","H9N2_MP",7143.67362525458,982,982,100,8,"good"
"2239_d04","H9N2","H9N2_NS",6766.08796296296,864,864,100,8,"good"
"2239_d04","H9N2","H9N2_PB2",2624.1225877193,2279,2280,99.9561403508772,8,"good"
"2239_d04","H9N2","H9N2_HA",NA,1682,1683,99.9405822935235,8,"good"
"2239_d04","H9N2","H9N2_PB1",4081.93675889328,2277,2277,100,8,"good"
"2239_d06","H9N2","H9N2_MP",25496.8762729124,982,982,100,8,"good"
"2239_d06","H9N2","H9N2_NP",19693.2698730795,1497,1497,100,8,"good"
"2239_d06","H9N2","H9N2_PB2",9654.55307017544,2280,2280,100,8,"good"
"2239_d06","H9N2","H9N2_NA",17070.0783475783,1404,1404,100,8,"good"
"2239_d06","H9N2","H9N2_NS",25118.2899305556,864,864,100,8,"good"
"2239_d06","H9N2","H9N2_PB1",7685.07070707071,2277,2277,100,8,"good"
"2239_d06","H9N2","H9N2_PA",9986.77568572757,2151,2151,100,8,"good"
"2239_d06","H9N2","H9N2_HA",18950.806892454,1683,1683,100,8,"good"
"2239_d08","H9N2","H9N2_PB2",13982.1333333333,2280,2280,100,8,"good"
"2239_d08","H9N2","H9N2_NA",18324.4131054131,1404,1404,100,8,"good"
"2239_d08","H9N2","H9N2_PB1",15827.1906016689,2277,2277,100,8,"good"
"2239_d08","H9N2","H9N2_NP",23524.1950567802,1497,1497,100,8,"good"
"2239_d08","H9N2","H9N2_MP",23861.9032586558,982,982,100,8,"good"
"2239_d08","H9N2","H9N2_NS",22900.6163194444,864,864,100,8,"good"
"2239_d08","H9N2","H9N2_HA",20495.917409388,1683,1683,100,8,"good"
"2239_d08","H9N2","H9N2_PA",14379.6266852627,2151,2151,100,8,"good"
"2239_d10","H9N2","H9N2_NS",10420.6001157407,864,864,100,8,"good"
"2239_d10","H9N2","H9N2_HA",5549.94325609032,1683,1683,100,8,"good"
"2239_d10","H9N2","H9N2_PB2",2144.87324561404,2280,2280,100,8,"good"
"2239_d10","H9N2","H9N2_NA",6087.20227920228,1404,1404,100,8,"good"
"2239_d10","H9N2","H9N2_MP",8375.91547861507,982,982,100,8,"good"
"2239_d10","H9N2","H9N2_PA",3132.6759646676,2151,2151,100,8,"good"
"2239_d10","H9N2","H9N2_PB1",3219.20114185332,2277,2277,100,8,"good"
"2239_d10","H9N2","H9N2_NP",4998.24415497662,1497,1497,100,8,"good"
"2240_d04","H9N2","H9N2_HA",15971.8250148544,1683,1683,100,8,"good"
"2240_d04","H9N2","H9N2_PB2",7544.91096491228,2280,2280,100,8,"good"
"2240_d04","H9N2","H9N2_NA",14764.181980057,1404,1404,100,8,"good"
"2240_d04","H9N2","H9N2_PB1",9002.18950373298,2277,2277,100,8,"good"
"2240_d04","H9N2","H9N2_NS",21505.0358796296,864,864,100,8,"good"
"2240_d04","H9N2","H9N2_NP",15952.5501002004,1497,1497,100,8,"good"
"2240_d04","H9N2","H9N2_MP",17712.3401221996,982,982,100,8,"good"
"2240_d04","H9N2","H9N2_PA",8770.37773128777,2151,2151,100,8,"good"
"2243_d04","H9N2","H9N2_NS",21581.4259259259,864,864,100,8,"good"
"2243_d04","H9N2","H9N2_NA",15376.8319088319,1404,1404,100,8,"good"
"2243_d04","H9N2","H9N2_HA",17693.1090314914,1683,1683,100,8,"good"
"2243_d04","H9N2","H9N2_PB2",10777.0699561404,2280,2280,100,8,"good"
"2243_d04","H9N2","H9N2_PB1",12384.5966183575,2277,2277,100,8,"good"
"2243_d04","H9N2","H9N2_MP",21134.3920570265,982,982,100,8,"good"
"2243_d04","H9N2","H9N2_PA",12794.9121338912,2151,2151,100,8,"good"
"2243_d04","H9N2","H9N2_NP",20972.2438209753,1497,1497,100,8,"good"
"2243_d06","H9N2","H9N2_NS",22789.8043981481,864,864,100,8,"good"
"2243_d06","H9N2","H9N2_PB2",10731.023245614,2280,2280,100,8,"good"
"2243_d06","H9N2","H9N2_NA",13836.9398148148,1404,1404,100,8,"good"
"2243_d06","H9N2","H9N2_HA",19319.0510992276,1683,1683,100,8,"good"
"2243_d06","H9N2","H9N2_PA",12226.6994421199,2151,2151,100,8,"good"
"2243_d06","H9N2","H9N2_NP",19607.6643286573,1497,1497,100,8,"good"
"2243_d06","H9N2","H9N2_MP",21614.1211812627,982,982,100,8,"good"
"2243_d06","H9N2","H9N2_PB1",12905.3300395257,2277,2277,100,8,"good"
"2243_d08","H9N2","H9N2_NP",15558.8356713427,1497,1497,100,8,"good"
"2243_d08","H9N2","H9N2_PA",9560.40957694096,2151,2151,100,8,"good"
"2243_d08","H9N2","H9N2_MP",19799.016802444,982,982,100,8,"good"
"2243_d08","H9N2","H9N2_NS",23516.1429398148,864,864,100,8,"good"
"2243_d08","H9N2","H9N2_PB1",9507.40272288098,2277,2277,100,8,"good"
"2243_d08","H9N2","H9N2_HA",16672.7941176471,1683,1683,100,8,"good"
"2243_d08","H9N2","H9N2_PB2",7359.85964912281,2280,2280,100,8,"good"
"2243_d08","H9N2","H9N2_NA",13191.9209401709,1404,1404,100,8,"good"
"2244_d12","H9N2","H9N2_PB1",NA,1205,2277,52.9205094422486,8,"good"
"2244_d12","H9N2","H9N2_NS",24681.5636574074,864,864,100,8,"good"
"2244_d12","H9N2","H9N2_PB2",14551.7699561404,2280,2280,100,8,"good"
"2244_d12","H9N2","H9N2_PA",NA,979,2151,45.5137145513715,8,"good"
"2244_d12","H9N2","H9N2_HA",12181.6726084373,1683,1683,100,8,"good"
"2244_d12","H9N2","H9N2_NA",6168.47364672365,1404,1404,100,8,"good"
"2244_d12","H9N2","H9N2_NP",NA,1496,1497,99.9331997327989,8,"good"
"2244_d12","H9N2","H9N2_MP",NA,419,982,42.6680244399185,8,"good"
"2251_d04","H9N2","H9N2_PA",7429.51464435146,2151,2151,100,8,"good"
"2251_d04","H9N2","H9N2_PB1",7915.57597716293,2277,2277,100,8,"good"
"2251_d04","H9N2","H9N2_NS",23604.0306712963,864,864,100,8,"good"
"2251_d04","H9N2","H9N2_NP",14527.8520374081,1497,1497,100,8,"good"
"2251_d04","H9N2","H9N2_PB2",5460.59210526316,2280,2280,100,8,"good"
"2251_d04","H9N2","H9N2_HA",15560.6506238859,1683,1683,100,8,"good"
"2251_d04","H9N2","H9N2_NA",13681.9686609687,1404,1404,100,8,"good"
"2251_d04","H9N2","H9N2_MP",17541.6904276986,982,982,100,8,"good"
"2251_d06","H9N2","H9N2_HA",12193.742721331,1683,1683,100,8,"good"
"2251_d06","H9N2","H9N2_NA",10527.9494301994,1404,1404,100,8,"good"
"2251_d06","H9N2","H9N2_PB1",7171.16600790514,2277,2277,100,8,"good"
"2251_d06","H9N2","H9N2_PB2",4300.1625,2280,2280,100,8,"good"
"2251_d06","H9N2","H9N2_NP",8792.72678690715,1497,1497,100,8,"good"
"2251_d06","H9N2","H9N2_NS",21621.8234953704,864,864,100,8,"good"
"2251_d06","H9N2","H9N2_MP",14449.9251527495,982,982,100,8,"good"
"2251_d06","H9N2","H9N2_PA",6007.83984193398,2151,2151,100,8,"good"
"2253_d04","H9N2","H9N2_NA",15853.2617521368,1404,1404,100,8,"good"
"2253_d04","H9N2","H9N2_PB2",3348.68377192982,2280,2280,100,8,"good"
"2253_d04","H9N2","H9N2_NP",14427.585504342,1497,1497,100,8,"good"
"2253_d04","H9N2","H9N2_PB1",5718.82872200264,2277,2277,100,8,"good"
"2253_d04","H9N2","H9N2_NS",25269.4039351852,864,864,100,8,"good"
"2253_d04","H9N2","H9N2_MP",20042.5692464358,982,982,100,8,"good"
"2253_d04","H9N2","H9N2_PA",5331.4309623431,2151,2151,100,8,"good"
"2253_d04","H9N2","H9N2_HA",13222.7317290553,1683,1683,100,8,"good"
"2253_d08","H9N2","H9N2_NA",862.406339031339,1365,1404,97.2222222222222,8,"good"
"2253_d08","H9N2","H9N2_PB2",395.84298245614,2276,2280,99.8245614035088,8,"good"
"2253_d08","H9N2","H9N2_PB1",520.178963548529,2275,2277,99.9121651295564,8,"good"
"2253_d08","H9N2","H9N2_HA",1216.71895424837,1668,1683,99.1087344028521,8,"good"
"2253_d08","H9N2","H9N2_MP",3460.73727087576,982,982,100,8,"good"
"2253_d08","H9N2","H9N2_NS",4032.83854166667,863,864,99.8842592592593,8,"good"
"2253_d08","H9N2","H9N2_PA",NA,2145,2151,99.721059972106,8,"good"
"2253_d08","H9N2","H9N2_NP",682.545758183033,1482,1497,98.997995991984,8,"good"
"2254_d02","H9N2","H9N2_PA",NA,2150,2151,99.953509995351,8,"good"
"2254_d02","H9N2","H9N2_NP",21586.4398797595,1497,1497,100,8,"good"
"2254_d02","H9N2","H9N2_NS",25448.6099537037,864,864,100,8,"good"
"2254_d02","H9N2","H9N2_MP",23994.0529531568,982,982,100,8,"good"
"2254_d02","H9N2","H9N2_PB1",10084.1144049188,2277,2277,100,8,"good"
"2254_d02","H9N2","H9N2_PB2",7670.5649122807,2280,2280,100,8,"good"
"2254_d02","H9N2","H9N2_NA",17716.8689458689,1404,1404,100,8,"good"
"2254_d02","H9N2","H9N2_HA",19363.0415923945,1683,1683,100,8,"good"
"2254_d04","H9N2","H9N2_PB1",9768.26416337286,2277,2277,100,8,"good"
"2254_d04","H9N2","H9N2_NP",17779.6673346693,1497,1497,100,8,"good"
"2254_d04","H9N2","H9N2_NA",16637.0042735043,1404,1404,100,8,"good"
"2254_d04","H9N2","H9N2_HA",18751.9301841949,1683,1683,100,8,"good"
"2254_d04","H9N2","H9N2_NS",23273.6695601852,864,864,100,8,"good"
"2254_d04","H9N2","H9N2_PB2",8042.94385964912,2280,2280,100,8,"good"
"2254_d04","H9N2","H9N2_PA",10778.6541143654,2151,2151,100,8,"good"
"2254_d04","H9N2","H9N2_MP",19670.6761710794,982,982,100,8,"good"
"2254_d06","H9N2","H9N2_MP",21543.4582484725,982,982,100,8,"good"
"2254_d06","H9N2","H9N2_PA",7136.61715481172,2151,2151,100,8,"good"
"2254_d06","H9N2","H9N2_NS",28031.9762731481,864,864,100,8,"good"
"2254_d06","H9N2","H9N2_PB2",4230.95635964912,2280,2280,100,8,"good"
"2254_d06","H9N2","H9N2_NA",14405.150997151,1404,1404,100,8,"good"
"2254_d06","H9N2","H9N2_NP",13177.2778891116,1497,1497,100,8,"good"
"2254_d06","H9N2","H9N2_HA",14542.0935828877,1683,1683,100,8,"good"
"2254_d06","H9N2","H9N2_PB1",6948.82191480018,2277,2277,100,8,"good"
"2254_d08","H9N2","H9N2_PB2",NA,1746,2280,76.5789473684211,8,"good"
"2254_d08","H9N2","H9N2_NP",580.574482297929,1475,1497,98.5303941215765,8,"good"
"2254_d08","H9N2","H9N2_PA",486.995815899582,1582,2151,73.5471873547187,8,"good"
"2254_d08","H9N2","H9N2_NA",560.00462962963,1319,1404,93.945868945869,8,"good"
"2254_d08","H9N2","H9N2_MP",2535.00254582485,982,982,100,8,"good"
"2254_d08","H9N2","H9N2_HA",851.196672608437,1657,1683,98.4551396316102,8,"good"
"2254_d08","H9N2","H9N2_NS",4019.83333333333,863,864,99.8842592592593,8,"good"
"2254_d08","H9N2","H9N2_PB1",586.458058849363,1322,2277,58.0588493631972,8,"good"
"F17_HK1073","H9N2","H9N2_MP",17654.3691446028,982,982,100,8,"good"
"F17_HK1073","H9N2","H9N2_NA",7655.85185185185,1404,1404,100,8,"good"
"F17_HK1073","H9N2","H9N2_PB1",5416.65327184892,2277,2277,100,8,"good"
"F17_HK1073","H9N2","H9N2_HA",6786.22192513369,1683,1683,100,8,"good"
"F17_HK1073","H9N2","H9N2_NS",19386.4704861111,864,864,100,8,"good"
"F17_HK1073","H9N2","H9N2_NP",10620.3333333333,1497,1497,100,8,"good"
"F17_HK1073","H9N2","H9N2_PB2",4072.20614035088,2280,2280,100,8,"good"
"F17_HK1073","H9N2","H9N2_PA",5635.56834030683,2151,2151,100,8,"good"
"Sm18_HK1073","H9N2","H9N2_PA",10708.6155276616,2151,2151,100,8,"good"
"Sm18_HK1073","H9N2","H9N2_NS",21739.6446759259,864,864,100,8,"good"
"Sm18_HK1073","H9N2","H9N2_NA",11805.056980057,1404,1404,100,8,"good"
"Sm18_HK1073","H9N2","H9N2_NP",17974.874749499,1497,1497,100,8,"good"
"Sm18_HK1073","H9N2","H9N2_PB2",7091.88596491228,2280,2280,100,8,"good"
"Sm18_HK1073","H9N2","H9N2_PB1",9128.01690821256,2277,2277,100,8,"good"
"Sm18_HK1073","H9N2","H9N2_MP",22405.5147657841,982,982,100,8,"good"
"Sm18_HK1073","H9N2","H9N2_HA",12933.6892453951,1683,1683,100,8,"good"
"Sp19_HK1073","H9N2","H9N2_PA",11713.3772663877,2151,2151,100,8,"good"
"Sp19_HK1073","H9N2","H9N2_NS",21335.662037037,864,864,100,8,"good"
"Sp19_HK1073","H9N2","H9N2_HA",14134.2430184195,1683,1683,100,8,"good"
"Sp19_HK1073","H9N2","H9N2_NA",11219.8244301994,1404,1404,100,8,"good"
"Sp19_HK1073","H9N2","H9N2_PB1",10798.5338164251,2277,2277,100,8,"good"
"Sp19_HK1073","H9N2","H9N2_PB2",7040.19210526316,2280,2280,100,8,"good"
"Sp19_HK1073","H9N2","H9N2_MP",23049.0381873727,982,982,100,8,"good"
"Sp19_HK1073","H9N2","H9N2_NP",19212.1152304609,1497,1497,100,8,"good"
"Sp20_HK1073","H9N2","H9N2_PB1",8752.82520860782,2277,2277,100,8,"good"
"Sp20_HK1073","H9N2","H9N2_NP",19734.0607882432,1497,1497,100,8,"good"
"Sp20_HK1073","H9N2","H9N2_PB2",5572.59276315789,2280,2280,100,8,"good"
"Sp20_HK1073","H9N2","H9N2_NS",24170.3825231481,864,864,100,8,"good"
"Sp20_HK1073","H9N2","H9N2_PA",8794.62180381218,2151,2151,100,8,"good"
"Sp20_HK1073","H9N2","H9N2_NA",11593.8319088319,1404,1404,100,8,"good"
"Sp20_HK1073","H9N2","H9N2_HA",11245.4278074866,1683,1683,100,8,"good"
"Sp20_HK1073","H9N2","H9N2_MP",25242.1359470468,982,982,100,8,"good"
"W17_HK1073","H9N2","H9N2_NS",23355.5752314815,864,864,100,8,"good"
"W17_HK1073","H9N2","H9N2_PB2",4619.45701754386,985,2280,43.2017543859649,8,"good"
"W17_HK1073","H9N2","H9N2_NP",5582.14896459586,1497,1497,100,8,"good"
"W17_HK1073","H9N2","H9N2_NA",3713.04736467236,1404,1404,100,8,"good"
"W17_HK1073","H9N2","H9N2_HA",2519.81431966726,1683,1683,100,8,"good"
"W17_HK1073","H9N2","H9N2_PA",4514.13807531381,2137,2151,99.349139934914,8,"good"
"W17_HK1073","H9N2","H9N2_MP",15310.0728105906,982,982,100,8,"good"
"W17_HK1073","H9N2","H9N2_PB1",4843.86429512516,1293,2277,56.7852437417655,8,"good"
"1408_d06","H9N2","H9N2_PA",2193.94049279405,949,2151,44.1190144119014,7,"bad"
"1408_d06","H9N2","H9N2_NA",1419.1485042735,1388,1404,98.8603988603989,7,"bad"
"1408_d06","H9N2","H9N2_PB2",1756.62828947368,787,2280,34.5175438596491,7,"bad"
"1408_d06","H9N2","H9N2_MP",7017.67209775967,982,982,100,7,"bad"
"1408_d06","H9N2","H9N2_NS",14953.7991898148,864,864,100,7,"bad"
"1408_d06","H9N2","H9N2_PB1",3044.13504611331,1365,2277,59.9472990777339,7,"bad"
"1408_d06","H9N2","H9N2_HA",1201.12804515746,1669,1683,99.1681521093286,7,"bad"
"1408_d06","H9N2","H9N2_NP",1168.1753507014,1497,1497,100,7,"bad"
"1408_d12","H9N2","H9N2_NA",NA,0,1404,0,0,"bad"
"1408_d12","H9N2","H9N2_HA",0,0,1683,0,0,"bad"
"1408_d12","H9N2","H9N2_PB1",NA,0,2277,0,0,"bad"
"1408_d12","H9N2","H9N2_PA",NA,0,2151,0,0,"bad"
"1408_d12","H9N2","H9N2_PB2",NA,0,2280,0,0,"bad"
"1408_d12","H9N2","H9N2_MP",NA,0,982,0,0,"bad"
"1408_d12","H9N2","H9N2_NP",NA,0,1497,0,0,"bad"
"1408_d12","H9N2","H9N2_NS",NA,274,864,31.712962962963,0,"bad"
"1409_d02","H9N2","H9N2_NA",NA,727,1404,51.7806267806268,2,"bad"
"1409_d02","H9N2","H9N2_PA",NA,287,2151,13.3426313342631,2,"bad"
"1409_d02","H9N2","H9N2_MP",NA,0,982,0,2,"bad"
"1409_d02","H9N2","H9N2_NP",NA,196,1497,13.0928523714095,2,"bad"
"1409_d02","H9N2","H9N2_PB1",NA,125,2277,5.48967940272288,2,"bad"
"1409_d02","H9N2","H9N2_PB2",NA,784,2280,34.3859649122807,2,"bad"
"1409_d02","H9N2","H9N2_HA",NA,554,1683,32.9174093879976,2,"bad"
"1409_d02","H9N2","H9N2_NS",NA,738,864,85.4166666666667,2,"bad"
"1409_d12","H9N2","H9N2_PB1",NA,0,2277,0,0,"bad"
"1409_d12","H9N2","H9N2_HA",NA,0,1683,0,0,"bad"
"1409_d12","H9N2","H9N2_MP",NA,0,982,0,0,"bad"
"1409_d12","H9N2","H9N2_NP",0,0,1497,0,0,"bad"
"1409_d12","H9N2","H9N2_NA",NA,0,1404,0,0,"bad"
"1409_d12","H9N2","H9N2_PA",0,0,2151,0,0,"bad"
"1409_d12","H9N2","H9N2_NS",NA,0,864,0,0,"bad"
"1409_d12","H9N2","H9N2_PB2",NA,0,2280,0,0,"bad"
"1410_d08","H9N2","H9N2_HA",0,0,1683,0,0,"bad"
"1410_d08","H9N2","H9N2_NA",NA,0,1404,0,0,"bad"
"1410_d08","H9N2","H9N2_NS",0,0,864,0,0,"bad"
"1410_d08","H9N2","H9N2_MP",NA,0,982,0,0,"bad"
"1410_d08","H9N2","H9N2_NP",0,0,1497,0,0,"bad"
"1410_d08","H9N2","H9N2_PA",NA,0,2151,0,0,"bad"
"1410_d08","H9N2","H9N2_PB2",NA,0,2280,0,0,"bad"
"1410_d08","H9N2","H9N2_PB1",NA,0,2277,0,0,"bad"
"1411_d04","H9N2","H9N2_HA",NA,1657,1683,98.4551396316102,5,"bad"
"1411_d04","H9N2","H9N2_NS",3363.40740740741,863,864,99.8842592592593,5,"bad"
"1411_d04","H9N2","H9N2_MP",1083.13594704684,982,982,100,5,"bad"
"1411_d04","H9N2","H9N2_PA",NA,380,2151,17.6662017666202,5,"bad"
"1411_d04","H9N2","H9N2_NP",NA,1494,1497,99.7995991983968,5,"bad"
"1411_d04","H9N2","H9N2_PB2",NA,300,2280,13.1578947368421,5,"bad"
"1411_d04","H9N2","H9N2_PB1",450.079929732104,700,2277,30.7422046552481,5,"bad"
"1411_d04","H9N2","H9N2_NA",1346.88283475783,1388,1404,98.8603988603989,5,"bad"
"1411_d06","H9N2","H9N2_HA",NA,1682,1683,99.9405822935235,6,"bad"
"1411_d06","H9N2","H9N2_NP",3111.41182364729,1497,1497,100,6,"bad"
"1411_d06","H9N2","H9N2_NA",NA,295,1404,21.011396011396,6,"bad"
"1411_d06","H9N2","H9N2_PB1",NA,511,2277,22.4418093983311,6,"bad"
"1411_d06","H9N2","H9N2_PB2",NA,2275,2280,99.780701754386,6,"bad"
"1411_d06","H9N2","H9N2_PA",1602.44374709437,2151,2151,100,6,"bad"
"1411_d06","H9N2","H9N2_MP",2353.40274949084,982,982,100,6,"bad"
"1411_d06","H9N2","H9N2_NS",6289.36400462963,864,864,100,6,"bad"
"1411_d08","H9N2","H9N2_HA",0,0,1683,0,0,"bad"
"1411_d08","H9N2","H9N2_NA",NA,0,1404,0,0,"bad"
"1411_d08","H9N2","H9N2_NS",NA,0,864,0,0,"bad"
"1411_d08","H9N2","H9N2_PA",NA,0,2151,0,0,"bad"
"1411_d08","H9N2","H9N2_NP",0,0,1497,0,0,"bad"
"1411_d08","H9N2","H9N2_MP",NA,0,982,0,0,"bad"
"1411_d08","H9N2","H9N2_PB1",NA,0,2277,0,0,"bad"
"1411_d08","H9N2","H9N2_PB2",NA,0,2280,0,0,"bad"
"1411_d12","H9N2","H9N2_HA",NA,0,1683,0,0,"bad"
"1411_d12","H9N2","H9N2_NA",0,0,1404,0,0,"bad"
"1411_d12","H9N2","H9N2_NS",NA,0,864,0,0,"bad"
"1411_d12","H9N2","H9N2_MP",NA,0,982,0,0,"bad"
"1411_d12","H9N2","H9N2_PB1",NA,0,2277,0,0,"bad"
"1411_d12","H9N2","H9N2_NP",NA,0,1497,0,0,"bad"
"1411_d12","H9N2","H9N2_PB2",NA,0,2280,0,0,"bad"
"1411_d12","H9N2","H9N2_PA",NA,35,2151,1.62715016271502,0,"bad"
"1412_d06","H9N2","H9N2_HA",0,0,1683,0,0,"bad"
"1412_d06","H9N2","H9N2_NA",NA,0,1404,0,0,"bad"
"1412_d06","H9N2","H9N2_PB1",0,0,2277,0,0,"bad"
"1412_d06","H9N2","H9N2_MP",NA,0,982,0,0,"bad"
"1412_d06","H9N2","H9N2_NS",NA,0,864,0,0,"bad"
"1412_d06","H9N2","H9N2_NP",NA,0,1497,0,0,"bad"
"1412_d06","H9N2","H9N2_PA",NA,0,2151,0,0,"bad"
"1412_d06","H9N2","H9N2_PB2",NA,131,2280,5.74561403508772,0,"bad"
"1414_d02","H9N2","H9N2_HA",0,0,1683,0,0,"bad"
"1414_d02","H9N2","H9N2_NA",0,0,1404,0,0,"bad"
"1414_d02","H9N2","H9N2_NS",NA,0,864,0,0,"bad"
"1414_d02","H9N2","H9N2_MP",NA,0,982,0,0,"bad"
"1414_d02","H9N2","H9N2_PA",0,0,2151,0,0,"bad"
"1414_d02","H9N2","H9N2_PB2",NA,0,2280,0,0,"bad"
"1414_d02","H9N2","H9N2_NP",0,0,1497,0,0,"bad"
"1414_d02","H9N2","H9N2_PB1",0,0,2277,0,0,"bad"
"1414_d08","H9N2","H9N2_PA",0,0,2151,0,0,"bad"
"1414_d08","H9N2","H9N2_HA",NA,0,1683,0,0,"bad"
"1414_d08","H9N2","H9N2_NA",0,0,1404,0,0,"bad"
"1414_d08","H9N2","H9N2_NS",NA,0,864,0,0,"bad"
"1414_d08","H9N2","H9N2_PB2",NA,0,2280,0,0,"bad"
"1414_d08","H9N2","H9N2_MP",0,0,982,0,0,"bad"
"1414_d08","H9N2","H9N2_NP",0,0,1497,0,0,"bad"
"1414_d08","H9N2","H9N2_PB1",0,0,2277,0,0,"bad"
"1415_d06","H9N2","H9N2_NP",0,0,1497,0,0,"bad"
"1415_d06","H9N2","H9N2_HA",NA,0,1683,0,0,"bad"
"1415_d06","H9N2","H9N2_NA",NA,0,1404,0,0,"bad"
"1415_d06","H9N2","H9N2_PB2",NA,0,2280,0,0,"bad"
"1415_d06","H9N2","H9N2_MP",NA,0,982,0,0,"bad"
"1415_d06","H9N2","H9N2_PB1",NA,0,2277,0,0,"bad"
"1415_d06","H9N2","H9N2_PA",NA,0,2151,0,0,"bad"
"1415_d06","H9N2","H9N2_NS",131.70775462963,5,864,0.578703703703704,0,"bad"
"1416_d06","H9N2","H9N2_HA",NA,667,1683,39.6316102198455,0,"bad"
"1416_d06","H9N2","H9N2_NA",NA,0,1404,0,0,"bad"
"1416_d06","H9N2","H9N2_MP",NA,282,982,28.7169042769857,0,"bad"
"1416_d06","H9N2","H9N2_NP",NA,0,1497,0,0,"bad"
"1416_d06","H9N2","H9N2_PB1",NA,0,2277,0,0,"bad"
"1416_d06","H9N2","H9N2_NS",NA,121,864,14.0046296296296,0,"bad"
"1416_d06","H9N2","H9N2_PA",NA,0,2151,0,0,"bad"
"1416_d06","H9N2","H9N2_PB2",NA,0,2280,0,0,"bad"
"1416_d08","H9N2","H9N2_PB2",NA,0,2280,0,2,"bad"
"1416_d08","H9N2","H9N2_NA",0,0,1404,0,2,"bad"
"1416_d08","H9N2","H9N2_PA",NA,0,2151,0,2,"bad"
"1416_d08","H9N2","H9N2_NS",NA,0,864,0,2,"bad"
"1416_d08","H9N2","H9N2_NP",0,0,1497,0,2,"bad"
"1416_d08","H9N2","H9N2_HA",NA,0,1683,0,2,"bad"
"1416_d08","H9N2","H9N2_PB1",NA,1465,2277,64.3390425999122,2,"bad"
"1416_d08","H9N2","H9N2_MP",1701.78309572301,982,982,100,2,"bad"
"1417_d02","H9N2","H9N2_HA",818.382650029709,1660,1683,98.6333927510398,6,"bad"
"1417_d02","H9N2","H9N2_PB1",2325.61506368028,1217,2277,53.44751866491,6,"bad"
"1417_d02","H9N2","H9N2_PB2",1386.25877192982,735,2280,32.2368421052632,6,"bad"
"1417_d02","H9N2","H9N2_NP",632.9665998664,1490,1497,99.5323981295925,6,"bad"
"1417_d02","H9N2","H9N2_NS",15091.2806712963,864,864,100,6,"bad"
"1417_d02","H9N2","H9N2_PA",1496.60251046025,858,2151,39.8884239888424,6,"bad"
"1417_d02","H9N2","H9N2_MP",7355.88594704684,982,982,100,6,"bad"
"1417_d02","H9N2","H9N2_NA",1367.54451566952,1394,1404,99.2877492877493,6,"bad"
"1417_d04","H9N2","H9N2_PA",NA,297,2151,13.8075313807531,5,"bad"
"1417_d04","H9N2","H9N2_PB1",NA,636,2277,27.931488801054,5,"bad"
"1417_d04","H9N2","H9N2_NS",1686.96469907407,859,864,99.4212962962963,5,"bad"
"1417_d04","H9N2","H9N2_MP",564.99083503055,949,982,96.6395112016293,5,"bad"
"1417_d04","H9N2","H9N2_NP",264.536406145625,1068,1497,71.3426853707415,5,"bad"
"1417_d04","H9N2","H9N2_PB2",NA,457,2280,20.0438596491228,5,"bad"
"1417_d04","H9N2","H9N2_NA",321.129985754986,1180,1404,84.045584045584,5,"bad"
"1417_d04","H9N2","H9N2_HA",NA,1610,1683,95.6625074272133,5,"bad"
"1417_d06","H9N2","H9N2_HA",NA,0,1683,0,0,"bad"
"1417_d06","H9N2","H9N2_NA",NA,0,1404,0,0,"bad"
"1417_d06","H9N2","H9N2_MP",0,0,982,0,0,"bad"
"1417_d06","H9N2","H9N2_NS",NA,0,864,0,0,"bad"
"1417_d06","H9N2","H9N2_PA",NA,0,2151,0,0,"bad"
"1417_d06","H9N2","H9N2_PB2",NA,0,2280,0,0,"bad"
"1417_d06","H9N2","H9N2_NP",NA,0,1497,0,0,"bad"
"1417_d06","H9N2","H9N2_PB1",NA,0,2277,0,0,"bad"
"1787_d08","H9N2","H9N2_HA",NA,0,1683,0,3,"bad"
"1787_d08","H9N2","H9N2_PA",NA,415,2151,19.2933519293352,3,"bad"
"1787_d08","H9N2","H9N2_PB1",114.867808519982,422,2277,18.5331576635924,3,"bad"
"1787_d08","H9N2","H9N2_MP",291.205702647658,810,982,82.4847250509165,3,"bad"
"1787_d08","H9N2","H9N2_PB2",80.6063596491228,213,2280,9.34210526315789,3,"bad"
"1787_d08","H9N2","H9N2_NS",754.506365740741,849,864,98.2638888888889,3,"bad"
"1787_d08","H9N2","H9N2_NP",99.0911823647295,0,1497,0,3,"bad"
"1787_d08","H9N2","H9N2_NA",188.912393162393,641,1404,45.6552706552707,3,"bad"
"1787_d10","H9N2","H9N2_HA",NA,0,1683,0,0,"bad"
"1787_d10","H9N2","H9N2_PA",0,0,2151,0,0,"bad"
"1787_d10","H9N2","H9N2_MP",NA,0,982,0,0,"bad"
"1787_d10","H9N2","H9N2_NP",0,0,1497,0,0,"bad"
"1787_d10","H9N2","H9N2_PB1",NA,0,2277,0,0,"bad"
"1787_d10","H9N2","H9N2_NA",NA,0,1404,0,0,"bad"
"1787_d10","H9N2","H9N2_NS",NA,0,864,0,0,"bad"
"1787_d10","H9N2","H9N2_PB2",NA,0,2280,0,0,"bad"
"1787_d12","H9N2","H9N2_HA",0,0,1683,0,0,"bad"
"1787_d12","H9N2","H9N2_PB2",NA,0,2280,0,0,"bad"
"1787_d12","H9N2","H9N2_MP",NA,0,982,0,0,"bad"
"1787_d12","H9N2","H9N2_NP",NA,0,1497,0,0,"bad"
"1787_d12","H9N2","H9N2_NS",NA,0,864,0,0,"bad"
"1787_d12","H9N2","H9N2_PA",NA,0,2151,0,0,"bad"
"1787_d12","H9N2","H9N2_PB1",NA,0,2277,0,0,"bad"
"1787_d12","H9N2","H9N2_NA",0,0,1404,0,0,"bad"
"1789_d10","H9N2","H9N2_HA",0,0,1683,0,0,"bad"
"1789_d10","H9N2","H9N2_NA",0,0,1404,0,0,"bad"
"1789_d10","H9N2","H9N2_NS",NA,0,864,0,0,"bad"
"1789_d10","H9N2","H9N2_MP",NA,0,982,0,0,"bad"
"1789_d10","H9N2","H9N2_NP",0,0,1497,0,0,"bad"
"1789_d10","H9N2","H9N2_PB1",0,0,2277,0,0,"bad"
"1789_d10","H9N2","H9N2_PA",0,0,2151,0,0,"bad"
"1789_d10","H9N2","H9N2_PB2",NA,0,2280,0,0,"bad"
"1789_d12","H9N2","H9N2_PA",NA,0,2151,0,1,"bad"
"1789_d12","H9N2","H9N2_NP",NA,0,1497,0,1,"bad"
"1789_d12","H9N2","H9N2_HA",0,0,1683,0,1,"bad"
"1789_d12","H9N2","H9N2_NS",NA,0,864,0,1,"bad"
"1789_d12","H9N2","H9N2_PB2",NA,74,2280,3.24561403508772,1,"bad"
"1789_d12","H9N2","H9N2_NA",0,0,1404,0,1,"bad"
"1789_d12","H9N2","H9N2_PB1",NA,0,2277,0,1,"bad"
"1789_d12","H9N2","H9N2_MP",NA,981,982,99.89816700611,1,"bad"
"1794_d12","H9N2","H9N2_HA",NA,0,1683,0,0,"bad"
"1794_d12","H9N2","H9N2_NS",NA,0,864,0,0,"bad"
"1794_d12","H9N2","H9N2_PA",NA,0,2151,0,0,"bad"
"1794_d12","H9N2","H9N2_PB2",NA,0,2280,0,0,"bad"
"1794_d12","H9N2","H9N2_NA",NA,0,1404,0,0,"bad"
"1794_d12","H9N2","H9N2_PB1",NA,0,2277,0,0,"bad"
"1794_d12","H9N2","H9N2_MP",NA,0,982,0,0,"bad"
"1794_d12","H9N2","H9N2_NP",NA,0,1497,0,0,"bad"
"1800_d08","H9N2","H9N2_PB1",NA,361,2277,15.8541941150637,3,"bad"
"1800_d08","H9N2","H9N2_NS",717.184606481482,847,864,98.0324074074074,3,"bad"
"1800_d08","H9N2","H9N2_PB2",NA,0,2280,0,3,"bad"
"1800_d08","H9N2","H9N2_MP",435.245417515275,917,982,93.3808553971487,3,"bad"
"1800_d08","H9N2","H9N2_NP",121.036740146961,0,1497,0,3,"bad"
"1800_d08","H9N2","H9N2_NA",179.154202279202,605,1404,43.0911680911681,3,"bad"
"1800_d08","H9N2","H9N2_HA",73.2308377896613,0,1683,0,3,"bad"
"1800_d08","H9N2","H9N2_PA",NA,398,2151,18.5030218503022,3,"bad"
"1800_d10","H9N2","H9N2_NA",0,0,1404,0,0,"bad"
"1800_d10","H9N2","H9N2_HA",0,0,1683,0,0,"bad"
"1800_d10","H9N2","H9N2_MP",NA,0,982,0,0,"bad"
"1800_d10","H9N2","H9N2_PA",NA,0,2151,0,0,"bad"
"1800_d10","H9N2","H9N2_NP",0,0,1497,0,0,"bad"
"1800_d10","H9N2","H9N2_NS",18.6944444444444,0,864,0,0,"bad"
"1800_d10","H9N2","H9N2_PB1",NA,0,2277,0,0,"bad"
"1800_d10","H9N2","H9N2_PB2",NA,0,2280,0,0,"bad"
"1800_d12","H9N2","H9N2_NA",NA,0,1404,0,0,"bad"
"1800_d12","H9N2","H9N2_HA",NA,0,1683,0,0,"bad"
"1800_d12","H9N2","H9N2_MP",0,0,982,0,0,"bad"
"1800_d12","H9N2","H9N2_PA",NA,0,2151,0,0,"bad"
"1800_d12","H9N2","H9N2_NP",NA,0,1497,0,0,"bad"
"1800_d12","H9N2","H9N2_PB2",NA,0,2280,0,0,"bad"
"1800_d12","H9N2","H9N2_PB1",NA,0,2277,0,0,"bad"
"1800_d12","H9N2","H9N2_NS",NA,0,864,0,0,"bad"
"1801_d06","H9N2","H9N2_PA",NA,476,2151,22.1292422129242,1,"bad"
"1801_d06","H9N2","H9N2_HA",NA,0,1683,0,1,"bad"
"1801_d06","H9N2","H9N2_NA",NA,0,1404,0,1,"bad"
"1801_d06","H9N2","H9N2_PB2",NA,392,2280,17.1929824561404,1,"bad"
"1801_d06","H9N2","H9N2_PB1",NA,537,2277,23.5836627140975,1,"bad"
"1801_d06","H9N2","H9N2_NS",881.654513888889,849,864,98.2638888888889,1,"bad"
"1801_d06","H9N2","H9N2_NP",NA,0,1497,0,1,"bad"
"1801_d06","H9N2","H9N2_MP",185.644093686354,243,982,24.7454175152749,1,"bad"
"1801_d08","H9N2","H9N2_HA",NA,0,1683,0,0,"bad"
"1801_d08","H9N2","H9N2_NA",0,0,1404,0,0,"bad"
"1801_d08","H9N2","H9N2_NS",NA,0,864,0,0,"bad"
"1801_d08","H9N2","H9N2_MP",NA,0,982,0,0,"bad"
"1801_d08","H9N2","H9N2_NP",NA,0,1497,0,0,"bad"
"1801_d08","H9N2","H9N2_PB2",NA,0,2280,0,0,"bad"
"1801_d08","H9N2","H9N2_PB1",NA,0,2277,0,0,"bad"
"1801_d08","H9N2","H9N2_PA",NA,0,2151,0,0,"bad"
"1801_d12","H9N2","H9N2_PB1",NA,333,2277,14.6245059288538,0,"bad"
"1801_d12","H9N2","H9N2_HA",NA,0,1683,0,0,"bad"
"1801_d12","H9N2","H9N2_MP",NA,0,982,0,0,"bad"
"1801_d12","H9N2","H9N2_NP",NA,0,1497,0,0,"bad"
"1801_d12","H9N2","H9N2_PA",0,0,2151,0,0,"bad"
"1801_d12","H9N2","H9N2_NS",NA,221,864,25.5787037037037,0,"bad"
"1801_d12","H9N2","H9N2_PB2",NA,132,2280,5.78947368421053,0,"bad"
"1801_d12","H9N2","H9N2_NA",0,0,1404,0,0,"bad"
"1910_d06","H9N2","H9N2_HA",NA,0,1683,0,0,"bad"
"1910_d06","H9N2","H9N2_PB1",NA,78,2277,3.42555994729908,0,"bad"
"1910_d06","H9N2","H9N2_MP",NA,0,982,0,0,"bad"
"1910_d06","H9N2","H9N2_PA",NA,0,2151,0,0,"bad"
"1910_d06","H9N2","H9N2_PB2",NA,138,2280,6.05263157894737,0,"bad"
"1910_d06","H9N2","H9N2_NA",NA,0,1404,0,0,"bad"
"1910_d06","H9N2","H9N2_NS",133.987268518519,0,864,0,0,"bad"
"1910_d06","H9N2","H9N2_NP",NA,0,1497,0,0,"bad"
"1910_d12","H9N2","H9N2_NA",911.418091168091,1368,1404,97.4358974358974,6,"bad"
"1910_d12","H9N2","H9N2_NS",NA,862,864,99.7685185185185,6,"bad"
"1910_d12","H9N2","H9N2_PB1",NA,2273,2277,99.8243302591129,6,"bad"
"1910_d12","H9N2","H9N2_MP",NA,0,982,0,6,"bad"
"1910_d12","H9N2","H9N2_PA",NA,1137,2151,52.8591352859135,6,"bad"
"1910_d12","H9N2","H9N2_HA",NA,0,1683,0,6,"bad"
"1910_d12","H9N2","H9N2_PB2",768.528070175439,2280,2280,100,6,"bad"
"1910_d12","H9N2","H9N2_NP",1559.46492985972,1497,1497,100,6,"bad"
"1912_d08","H9N2","H9N2_HA",NA,0,1683,0,0,"bad"
"1912_d08","H9N2","H9N2_NA",NA,0,1404,0,0,"bad"
"1912_d08","H9N2","H9N2_MP",NA,0,982,0,0,"bad"
"1912_d08","H9N2","H9N2_PB1",NA,0,2277,0,0,"bad"
"1912_d08","H9N2","H9N2_NS",NA,0,864,0,0,"bad"
"1912_d08","H9N2","H9N2_NP",NA,0,1497,0,0,"bad"
"1912_d08","H9N2","H9N2_PB2",NA,0,2280,0,0,"bad"
"1912_d08","H9N2","H9N2_PA",NA,0,2151,0,0,"bad"
"1912_d10","H9N2","H9N2_PB1",NA,381,2277,16.7325428194993,2,"bad"
"1912_d10","H9N2","H9N2_HA",NA,0,1683,0,2,"bad"
"1912_d10","H9N2","H9N2_NS",823.334490740741,847,864,98.0324074074074,2,"bad"
"1912_d10","H9N2","H9N2_NP",NA,0,1497,0,2,"bad"
"1912_d10","H9N2","H9N2_PB2",NA,166,2280,7.28070175438597,2,"bad"
"1912_d10","H9N2","H9N2_PA",NA,199,2151,9.25151092515109,2,"bad"
"1912_d10","H9N2","H9N2_MP",424.178716904277,911,982,92.7698574338086,2,"bad"
"1912_d10","H9N2","H9N2_NA",74.2325498575499,0,1404,0,2,"bad"
"1912_d12","H9N2","H9N2_HA",0,0,1683,0,0,"bad"
"1912_d12","H9N2","H9N2_NA",NA,0,1404,0,0,"bad"
"1912_d12","H9N2","H9N2_MP",NA,0,982,0,0,"bad"
"1912_d12","H9N2","H9N2_PB2",NA,0,2280,0,0,"bad"
"1912_d12","H9N2","H9N2_NP",NA,0,1497,0,0,"bad"
"1912_d12","H9N2","H9N2_PB1",0,0,2277,0,0,"bad"
"1912_d12","H9N2","H9N2_PA",0,0,2151,0,0,"bad"
"1912_d12","H9N2","H9N2_NS",NA,0,864,0,0,"bad"
"1913_d02","H9N2","H9N2_HA",NA,0,1683,0,1,"bad"
"1913_d02","H9N2","H9N2_MP",NA,84,982,8.55397148676171,1,"bad"
"1913_d02","H9N2","H9N2_PB1",NA,554,2277,24.3302591128678,1,"bad"
"1913_d02","H9N2","H9N2_NS",NA,0,864,0,1,"bad"
"1913_d02","H9N2","H9N2_PA",NA,0,2151,0,1,"bad"
"1913_d02","H9N2","H9N2_NP",0,0,1497,0,1,"bad"
"1913_d02","H9N2","H9N2_NA",NA,0,1404,0,1,"bad"
"1913_d02","H9N2","H9N2_PB2",NA,2276,2280,99.8245614035088,1,"bad"
"1913_d04","H9N2","H9N2_HA",0,0,1683,0,0,"bad"
"1913_d04","H9N2","H9N2_NS",NA,0,864,0,0,"bad"
"1913_d04","H9N2","H9N2_NA",0,0,1404,0,0,"bad"
"1913_d04","H9N2","H9N2_MP",NA,0,982,0,0,"bad"
"1913_d04","H9N2","H9N2_NP",0,0,1497,0,0,"bad"
"1913_d04","H9N2","H9N2_PA",NA,0,2151,0,0,"bad"
"1913_d04","H9N2","H9N2_PB2",NA,311,2280,13.640350877193,0,"bad"
"1913_d04","H9N2","H9N2_PB1",NA,0,2277,0,0,"bad"
"1914_d02","H9N2","H9N2_NS",185.340277777778,355,864,41.087962962963,3,"bad"
"1914_d02","H9N2","H9N2_PB1",NA,446,2277,19.5871761089152,3,"bad"
"1914_d02","H9N2","H9N2_MP",NA,18,982,1.83299389002037,3,"bad"
"1914_d02","H9N2","H9N2_NP",NA,0,1497,0,3,"bad"
"1914_d02","H9N2","H9N2_PB2",NA,0,2280,0,3,"bad"
"1914_d02","H9N2","H9N2_HA",440.792632204397,1526,1683,90.6714200831848,3,"bad"
"1914_d02","H9N2","H9N2_NA",NA,297,1404,21.1538461538462,3,"bad"
"1914_d02","H9N2","H9N2_PA",NA,1884,2151,87.5871687587169,3,"bad"
"1914_d04","H9N2","H9N2_NA",NA,0,1404,0,2,"bad"
"1914_d04","H9N2","H9N2_HA",1350.16934046346,1669,1683,99.1681521093286,2,"bad"
"1914_d04","H9N2","H9N2_PA",0,0,2151,0,2,"bad"
"1914_d04","H9N2","H9N2_MP",NA,119,982,12.1181262729124,2,"bad"
"1914_d04","H9N2","H9N2_NP",586.152638610554,1477,1497,98.6639946559786,2,"bad"
"1914_d04","H9N2","H9N2_PB2",NA,424,2280,18.5964912280702,2,"bad"
"1914_d04","H9N2","H9N2_NS",NA,0,864,0,2,"bad"
"1914_d04","H9N2","H9N2_PB1",NA,0,2277,0,2,"bad"
"1914_d08","H9N2","H9N2_PA",NA,852,2151,39.6094839609484,2,"bad"
"1914_d08","H9N2","H9N2_NP",40.9101536406146,0,1497,0,2,"bad"
"1914_d08","H9N2","H9N2_NS",4008.1400462963,863,864,99.8842592592593,2,"bad"
"1914_d08","H9N2","H9N2_PB1",NA,214,2277,9.39833113746157,2,"bad"
"1914_d08","H9N2","H9N2_HA",17.0433749257279,0,1683,0,2,"bad"
"1914_d08","H9N2","H9N2_NA",NA,0,1404,0,2,"bad"
"1914_d08","H9N2","H9N2_MP",2195.35539714868,982,982,100,2,"bad"
"1914_d08","H9N2","H9N2_PB2",NA,0,2280,0,2,"bad"
"1914_d10","H9N2","H9N2_HA",NA,0,1683,0,0,"bad"
"1914_d10","H9N2","H9N2_NA",NA,0,1404,0,0,"bad"
"1914_d10","H9N2","H9N2_NS",NA,0,864,0,0,"bad"
"1914_d10","H9N2","H9N2_MP",NA,0,982,0,0,"bad"
"1914_d10","H9N2","H9N2_NP",0,0,1497,0,0,"bad"
"1914_d10","H9N2","H9N2_PB2",NA,0,2280,0,0,"bad"
"1914_d10","H9N2","H9N2_PB1",0,0,2277,0,0,"bad"
"1914_d10","H9N2","H9N2_PA",0,0,2151,0,0,"bad"
"1914_d12","H9N2","H9N2_MP",NA,0,982,0,0,"bad"
"1914_d12","H9N2","H9N2_HA",NA,0,1683,0,0,"bad"
"1914_d12","H9N2","H9N2_NA",NA,0,1404,0,0,"bad"
"1914_d12","H9N2","H9N2_PB1",NA,0,2277,0,0,"bad"
"1914_d12","H9N2","H9N2_PB2",2.41907894736842,0,2280,0,0,"bad"
"1914_d12","H9N2","H9N2_NS",NA,0,864,0,0,"bad"
"1914_d12","H9N2","H9N2_PA",NA,0,2151,0,0,"bad"
"1914_d12","H9N2","H9N2_NP",NA,0,1497,0,0,"bad"
"1970_d08","H9N2","H9N2_NA",265.516381766382,1086,1404,77.3504273504274,6,"bad"
"1970_d08","H9N2","H9N2_HA",277.026440879382,1247,1683,74.0938799762329,6,"bad"
"1970_d08","H9N2","H9N2_MP",1376.9200610998,982,982,100,6,"bad"
"1970_d08","H9N2","H9N2_NP",425.186372745491,1433,1497,95.7247828991316,6,"bad"
"1970_d08","H9N2","H9N2_PB1",NA,932,2277,40.9310496267018,6,"bad"
"1970_d08","H9N2","H9N2_PA",166.292422129242,398,2151,18.5030218503022,6,"bad"
"1970_d08","H9N2","H9N2_NS",1895.96527777778,859,864,99.4212962962963,6,"bad"
"1970_d08","H9N2","H9N2_PB2",115.665789473684,182,2280,7.98245614035088,6,"bad"
"1971_d08","H9N2","H9N2_NA",258.13141025641,1092,1404,77.7777777777778,4,"bad"
"1971_d08","H9N2","H9N2_HA",85.42394533571,0,1683,0,4,"bad"
"1971_d08","H9N2","H9N2_NP",287.506346025384,1217,1497,81.2959251837007,4,"bad"
"1971_d08","H9N2","H9N2_PA",NA,514,2151,23.8958623895862,4,"bad"
"1971_d08","H9N2","H9N2_PB2",NA,410,2280,17.9824561403509,4,"bad"
"1971_d08","H9N2","H9N2_NS",3388.8587962963,863,864,99.8842592592593,4,"bad"
"1971_d08","H9N2","H9N2_MP",676.39816700611,967,982,98.4725050916497,4,"bad"
"1971_d08","H9N2","H9N2_PB1",NA,702,2277,30.8300395256917,4,"bad"
"1973_d08","H9N2","H9N2_NS",485.186342592593,816,864,94.4444444444444,3,"bad"
"1973_d08","H9N2","H9N2_NA",107.458333333333,0,1404,0,3,"bad"
"1973_d08","H9N2","H9N2_HA",NA,0,1683,0,3,"bad"
"1973_d08","H9N2","H9N2_NP",209.290915163661,813,1497,54.3086172344689,3,"bad"
"1973_d08","H9N2","H9N2_PB1",NA,478,2277,20.9925340360123,3,"bad"
"1973_d08","H9N2","H9N2_PA",NA,547,2151,25.4300325430033,3,"bad"
"1973_d08","H9N2","H9N2_PB2",NA,0,2280,0,3,"bad"
"1973_d08","H9N2","H9N2_MP",339.125254582485,868,982,88.3910386965377,3,"bad"
"1974_d08","H9N2","H9N2_NP",NA,0,1497,0,0,"bad"
"1974_d08","H9N2","H9N2_HA",NA,0,1683,0,0,"bad"
"1974_d08","H9N2","H9N2_PB2",NA,0,2280,0,0,"bad"
"1974_d08","H9N2","H9N2_MP",NA,0,982,0,0,"bad"
"1974_d08","H9N2","H9N2_NA",NA,0,1404,0,0,"bad"
"1974_d08","H9N2","H9N2_NS",NA,0,864,0,0,"bad"
"1974_d08","H9N2","H9N2_PA",NA,0,2151,0,0,"bad"
"1974_d08","H9N2","H9N2_PB1",NA,0,2277,0,0,"bad"
"1974_d10","H9N2","H9N2_MP",NA,0,982,0,0,"bad"
"1974_d10","H9N2","H9N2_NA",NA,0,1404,0,0,"bad"
"1974_d10","H9N2","H9N2_NP",NA,0,1497,0,0,"bad"
"1974_d10","H9N2","H9N2_PB1",NA,0,2277,0,0,"bad"
"1974_d10","H9N2","H9N2_HA",NA,0,1683,0,0,"bad"
"1974_d10","H9N2","H9N2_NS",NA,0,864,0,0,"bad"
"1974_d10","H9N2","H9N2_PA",NA,0,2151,0,0,"bad"
"1974_d10","H9N2","H9N2_PB2",NA,38,2280,1.66666666666667,0,"bad"
"1975_d08","H9N2","H9N2_PA",125.74569967457,239,2151,11.1111111111111,5,"bad"
"1975_d08","H9N2","H9N2_HA",NA,1160,1683,68.9245395127748,5,"bad"
"1975_d08","H9N2","H9N2_NP",222.645290581162,861,1497,57.5150300601202,5,"bad"
"1975_d08","H9N2","H9N2_PB2",NA,0,2280,0,5,"bad"
"1975_d08","H9N2","H9N2_NS",1505.66608796296,859,864,99.4212962962963,5,"bad"
"1975_d08","H9N2","H9N2_MP",1057.30295315682,982,982,100,5,"bad"
"1975_d08","H9N2","H9N2_PB1",155.362977602108,670,2277,29.4246815985946,5,"bad"
"1975_d08","H9N2","H9N2_NA",327.338319088319,1220,1404,86.8945868945869,5,"bad"
"1975_d10","H9N2","H9N2_NA",126.095797720798,123,1404,8.76068376068376,3,"bad"
"1975_d10","H9N2","H9N2_PA",NA,82,2151,3.81218038121804,3,"bad"
"1975_d10","H9N2","H9N2_NP",87.4265197060788,0,1497,0,3,"bad"
"1975_d10","H9N2","H9N2_PB1",NA,0,2277,0,3,"bad"
"1975_d10","H9N2","H9N2_HA",NA,1055,1683,62.6856803327392,3,"bad"
"1975_d10","H9N2","H9N2_MP",NA,621,982,63.2382892057026,3,"bad"
"1975_d10","H9N2","H9N2_NS",238.824074074074,665,864,76.9675925925926,3,"bad"
"1975_d10","H9N2","H9N2_PB2",NA,0,2280,0,3,"bad"
"1975_d12","H9N2","H9N2_PA",NA,51,2151,2.37099023709902,0,"bad"
"1975_d12","H9N2","H9N2_NA",NA,0,1404,0,0,"bad"
"1975_d12","H9N2","H9N2_NP",NA,0,1497,0,0,"bad"
"1975_d12","H9N2","H9N2_MP",NA,0,982,0,0,"bad"
"1975_d12","H9N2","H9N2_HA",NA,0,1683,0,0,"bad"
"1975_d12","H9N2","H9N2_NS",NA,0,864,0,0,"bad"
"1975_d12","H9N2","H9N2_PB2",NA,0,2280,0,0,"bad"
"1975_d12","H9N2","H9N2_PB1",NA,0,2277,0,0,"bad"
"1977_d08","H9N2","H9N2_HA",NA,0,1683,0,0,"bad"
"1977_d08","H9N2","H9N2_MP",NA,0,982,0,0,"bad"
"1977_d08","H9N2","H9N2_NP",NA,0,1497,0,0,"bad"
"1977_d08","H9N2","H9N2_NA",NA,0,1404,0,0,"bad"
"1977_d08","H9N2","H9N2_NS",NA,36,864,4.16666666666667,0,"bad"
"1977_d08","H9N2","H9N2_PB1",NA,0,2277,0,0,"bad"
"1977_d08","H9N2","H9N2_PA",NA,0,2151,0,0,"bad"
"1977_d08","H9N2","H9N2_PB2",NA,0,2280,0,0,"bad"
"1977_d10","H9N2","H9N2_NA",NA,0,1404,0,0,"bad"
"1977_d10","H9N2","H9N2_HA",NA,0,1683,0,0,"bad"
"1977_d10","H9N2","H9N2_NS",NA,0,864,0,0,"bad"
"1977_d10","H9N2","H9N2_NP",NA,0,1497,0,0,"bad"
"1977_d10","H9N2","H9N2_MP",NA,0,982,0,0,"bad"
"1977_d10","H9N2","H9N2_PA",NA,0,2151,0,0,"bad"
"1977_d10","H9N2","H9N2_PB2",NA,103,2280,4.51754385964912,0,"bad"
"1977_d10","H9N2","H9N2_PB1",NA,0,2277,0,0,"bad"
"1980_d10","H9N2","H9N2_PB2",NA,0,2280,0,0,"bad"
"1980_d10","H9N2","H9N2_NA",0,0,1404,0,0,"bad"
"1980_d10","H9N2","H9N2_HA",0,0,1683,0,0,"bad"
"1980_d10","H9N2","H9N2_MP",NA,0,982,0,0,"bad"
"1980_d10","H9N2","H9N2_NP",NA,0,1497,0,0,"bad"
"1980_d10","H9N2","H9N2_PA",NA,0,2151,0,0,"bad"
"1980_d10","H9N2","H9N2_NS",NA,0,864,0,0,"bad"
"1980_d10","H9N2","H9N2_PB1",NA,0,2277,0,0,"bad"
"1980_d12","H9N2","H9N2_NA",NA,0,1404,0,0,"bad"
"1980_d12","H9N2","H9N2_HA",NA,0,1683,0,0,"bad"
"1980_d12","H9N2","H9N2_NS",NA,0,864,0,0,"bad"
"1980_d12","H9N2","H9N2_MP",NA,0,982,0,0,"bad"
"1980_d12","H9N2","H9N2_PA",NA,0,2151,0,0,"bad"
"1980_d12","H9N2","H9N2_PB2",NA,115,2280,5.04385964912281,0,"bad"
"1980_d12","H9N2","H9N2_PB1",NA,0,2277,0,0,"bad"
"1980_d12","H9N2","H9N2_NP",NA,0,1497,0,0,"bad"
"1981_d02","H9N2","H9N2_PA",NA,2150,2151,99.953509995351,6,"bad"
"1981_d02","H9N2","H9N2_NP",NA,1495,1497,99.8663994655979,6,"bad"
"1981_d02","H9N2","H9N2_NS",8089.96875,864,864,100,6,"bad"
"1981_d02","H9N2","H9N2_PB2",NA,2279,2280,99.9561403508772,6,"bad"
"1981_d02","H9N2","H9N2_HA",3887.44979203803,1683,1683,100,6,"bad"
"1981_d02","H9N2","H9N2_MP",4862.68533604888,982,982,100,6,"bad"
"1981_d02","H9N2","H9N2_PB1",NA,531,2277,23.3201581027668,6,"bad"
"1981_d02","H9N2","H9N2_NA",NA,0,1404,0,6,"bad"
"1981_d04","H9N2","H9N2_NA",NA,0,1404,0,0,"bad"
"1981_d04","H9N2","H9N2_HA",0,0,1683,0,0,"bad"
"1981_d04","H9N2","H9N2_NS",NA,0,864,0,0,"bad"
"1981_d04","H9N2","H9N2_PA",NA,0,2151,0,0,"bad"
"1981_d04","H9N2","H9N2_PB1",NA,27,2277,1.18577075098814,0,"bad"
"1981_d04","H9N2","H9N2_MP",NA,0,982,0,0,"bad"
"1981_d04","H9N2","H9N2_NP",0,0,1497,0,0,"bad"
"1981_d04","H9N2","H9N2_PB2",NA,128,2280,5.6140350877193,0,"bad"
"1981_d12","H9N2","H9N2_PA",NA,0,2151,0,1,"bad"
"1981_d12","H9N2","H9N2_MP",NA,438,982,44.6028513238289,1,"bad"
"1981_d12","H9N2","H9N2_NP",NA,0,1497,0,1,"bad"
"1981_d12","H9N2","H9N2_NS",168.167824074074,256,864,29.6296296296296,1,"bad"
"1981_d12","H9N2","H9N2_HA",NA,0,1683,0,1,"bad"
"1981_d12","H9N2","H9N2_PB2",NA,0,2280,0,1,"bad"
"1981_d12","H9N2","H9N2_PB1",NA,0,2277,0,1,"bad"
"1981_d12","H9N2","H9N2_NA",NA,0,1404,0,1,"bad"
"1983_d06","H9N2","H9N2_NS",1111.77662037037,856,864,99.0740740740741,2,"bad"
"1983_d06","H9N2","H9N2_NA",NA,0,1404,0,2,"bad"
"1983_d06","H9N2","H9N2_PB1",NA,331,2277,14.5366710584102,2,"bad"
"1983_d06","H9N2","H9N2_PA",NA,475,2151,22.0827522082752,2,"bad"
"1983_d06","H9N2","H9N2_HA",NA,0,1683,0,2,"bad"
"1983_d06","H9N2","H9N2_MP",206.919042769857,589,982,59.979633401222,2,"bad"
"1983_d06","H9N2","H9N2_PB2",NA,410,2280,17.9824561403509,2,"bad"
"1983_d06","H9N2","H9N2_NP",NA,0,1497,0,2,"bad"
"1983_d10","H9N2","H9N2_PA",0,0,2151,0,0,"bad"
"1983_d10","H9N2","H9N2_NS",NA,0,864,0,0,"bad"
"1983_d10","H9N2","H9N2_HA",0,0,1683,0,0,"bad"
"1983_d10","H9N2","H9N2_PB2",NA,0,2280,0,0,"bad"
"1983_d10","H9N2","H9N2_PB1",0,0,2277,0,0,"bad"
"1983_d10","H9N2","H9N2_MP",NA,0,982,0,0,"bad"
"1983_d10","H9N2","H9N2_NA",0,0,1404,0,0,"bad"
"1983_d10","H9N2","H9N2_NP",0,0,1497,0,0,"bad"
"1983_d12","H9N2","H9N2_NP",NA,0,1497,0,0,"bad"
"1983_d12","H9N2","H9N2_HA",NA,0,1683,0,0,"bad"
"1983_d12","H9N2","H9N2_NS",NA,0,864,0,0,"bad"
"1983_d12","H9N2","H9N2_MP",NA,0,982,0,0,"bad"
"1983_d12","H9N2","H9N2_PB1",NA,0,2277,0,0,"bad"
"1983_d12","H9N2","H9N2_NA",NA,0,1404,0,0,"bad"
"1983_d12","H9N2","H9N2_PA",NA,0,2151,0,0,"bad"
"1983_d12","H9N2","H9N2_PB2",NA,174,2280,7.63157894736842,0,"bad"
"1984_d12","H9N2","H9N2_NP",NA,0,1497,0,0,"bad"
"1984_d12","H9N2","H9N2_PB1",NA,17,2277,0.746596398770312,0,"bad"
"1984_d12","H9N2","H9N2_HA",NA,0,1683,0,0,"bad"
"1984_d12","H9N2","H9N2_NS",NA,80,864,9.25925925925926,0,"bad"
"1984_d12","H9N2","H9N2_MP",NA,0,982,0,0,"bad"
"1984_d12","H9N2","H9N2_NA",NA,0,1404,0,0,"bad"
"1984_d12","H9N2","H9N2_PA",0,0,2151,0,0,"bad"
"1984_d12","H9N2","H9N2_PB2",NA,174,2280,7.63157894736842,0,"bad"
"1986_d02","H9N2","H9N2_NA",NA,0,1404,0,5,"bad"
"1986_d02","H9N2","H9N2_PB1",NA,328,2277,14.4049187527448,5,"bad"
"1986_d02","H9N2","H9N2_MP",NA,933,982,95.010183299389,5,"bad"
"1986_d02","H9N2","H9N2_PA",1361.03719200372,2151,2151,100,5,"bad"
"1986_d02","H9N2","H9N2_NS",NA,64,864,7.40740740740741,5,"bad"
"1986_d02","H9N2","H9N2_NP",NA,1496,1497,99.9331997327989,5,"bad"
"1986_d02","H9N2","H9N2_HA",4055.84165181224,1683,1683,100,5,"bad"
"1986_d02","H9N2","H9N2_PB2",NA,2265,2280,99.3421052631579,5,"bad"
"1986_d04","H9N2","H9N2_NA",NA,0,1404,0,0,"bad"
"1986_d04","H9N2","H9N2_HA",NA,0,1683,0,0,"bad"
"1986_d04","H9N2","H9N2_PB1",0,0,2277,0,0,"bad"
"1986_d04","H9N2","H9N2_PA",NA,0,2151,0,0,"bad"
"1986_d04","H9N2","H9N2_MP",NA,231,982,23.5234215885947,0,"bad"
"1986_d04","H9N2","H9N2_PB2",NA,219,2280,9.60526315789474,0,"bad"
"1986_d04","H9N2","H9N2_NP",NA,0,1497,0,0,"bad"
"1986_d04","H9N2","H9N2_NS",NA,0,864,0,0,"bad"
"2231_d12","H9N2","H9N2_HA",NA,0,1683,0,0,"bad"
"2231_d12","H9N2","H9N2_NS",NA,0,864,0,0,"bad"
"2231_d12","H9N2","H9N2_NP",NA,0,1497,0,0,"bad"
"2231_d12","H9N2","H9N2_MP",NA,0,982,0,0,"bad"
"2231_d12","H9N2","H9N2_PA",NA,0,2151,0,0,"bad"
"2231_d12","H9N2","H9N2_NA",NA,0,1404,0,0,"bad"
"2231_d12","H9N2","H9N2_PB2",NA,0,2280,0,0,"bad"
"2231_d12","H9N2","H9N2_PB1",NA,0,2277,0,0,"bad"
"2232_d10","H9N2","H9N2_NP",0,0,1497,0,0,"bad"
"2232_d10","H9N2","H9N2_HA",0,0,1683,0,0,"bad"
"2232_d10","H9N2","H9N2_NA",0,0,1404,0,0,"bad"
"2232_d10","H9N2","H9N2_MP",NA,0,982,0,0,"bad"
"2232_d10","H9N2","H9N2_PB1",NA,0,2277,0,0,"bad"
"2232_d10","H9N2","H9N2_PA",NA,0,2151,0,0,"bad"
"2232_d10","H9N2","H9N2_PB2",NA,0,2280,0,0,"bad"
"2232_d10","H9N2","H9N2_NS",NA,0,864,0,0,"bad"
"2232_d12","H9N2","H9N2_PB2",NA,0,2280,0,2,"bad"
"2232_d12","H9N2","H9N2_PB1",NA,0,2277,0,2,"bad"
"2232_d12","H9N2","H9N2_PA",NA,617,2151,28.6843328684333,2,"bad"
"2232_d12","H9N2","H9N2_MP",91.8233197556008,0,982,0,2,"bad"
"2232_d12","H9N2","H9N2_NP",125.7792251169,0,1497,0,2,"bad"
"2232_d12","H9N2","H9N2_NA",134.212962962963,194,1404,13.8176638176638,2,"bad"
"2232_d12","H9N2","H9N2_NS",537.421875,828,864,95.8333333333333,2,"bad"
"2232_d12","H9N2","H9N2_HA",422.010398098633,1530,1683,90.9090909090909,2,"bad"
"2235_d02","H9N2","H9N2_PB2",NA,1274,2280,55.8771929824561,7,"bad"
"2235_d02","H9N2","H9N2_HA",1230.01633986928,1667,1683,99.0493166963755,7,"bad"
"2235_d02","H9N2","H9N2_NA",924.746438746439,1384,1404,98.5754985754986,7,"bad"
"2235_d02","H9N2","H9N2_MP",682.607433808554,968,982,98.5743380855397,7,"bad"
"2235_d02","H9N2","H9N2_NS",1316.35011574074,859,864,99.4212962962963,7,"bad"
"2235_d02","H9N2","H9N2_NP",NA,1479,1497,98.7975951903808,7,"bad"
"2235_d02","H9N2","H9N2_PB1",NA,740,2277,32.4989020641195,7,"bad"
"2235_d02","H9N2","H9N2_PA",NA,1987,2151,92.3756392375639,7,"bad"
"2235_d04","H9N2","H9N2_NA",NA,838,1404,59.6866096866097,2,"bad"
"2235_d04","H9N2","H9N2_NP",NA,0,1497,0,2,"bad"
"2235_d04","H9N2","H9N2_HA",NA,0,1683,0,2,"bad"
"2235_d04","H9N2","H9N2_PB1",NA,248,2277,10.8915239350022,2,"bad"
"2235_d04","H9N2","H9N2_PB2",NA,0,2280,0,2,"bad"
"2235_d04","H9N2","H9N2_NS",1209.54166666667,859,864,99.4212962962963,2,"bad"
"2235_d04","H9N2","H9N2_MP",NA,0,982,0,2,"bad"
"2235_d04","H9N2","H9N2_PA",NA,0,2151,0,2,"bad"
"2235_d12","H9N2","H9N2_PB2",NA,325,2280,14.2543859649123,2,"bad"
"2235_d12","H9N2","H9N2_PA",NA,179,2151,8.32171083217108,2,"bad"
"2235_d12","H9N2","H9N2_NA",NA,551,1404,39.2450142450142,2,"bad"
"2235_d12","H9N2","H9N2_NS",NA,0,864,0,2,"bad"
"2235_d12","H9N2","H9N2_MP",NA,857,982,87.2708757637475,2,"bad"
"2235_d12","H9N2","H9N2_PB1",NA,238,2277,10.4523495827844,2,"bad"
"2235_d12","H9N2","H9N2_NP",NA,0,1497,0,2,"bad"
"2235_d12","H9N2","H9N2_HA",NA,1001,1683,59.4771241830065,2,"bad"
"2239_d12","H9N2","H9N2_PB1",NA,0,2277,0,2,"bad"
"2239_d12","H9N2","H9N2_PA",NA,0,2151,0,2,"bad"
"2239_d12","H9N2","H9N2_NP",58.9672678690715,0,1497,0,2,"bad"
"2239_d12","H9N2","H9N2_PB2",82.0861842105263,0,2280,0,2,"bad"
"2239_d12","H9N2","H9N2_NS",275.589699074074,758,864,87.7314814814815,2,"bad"
"2239_d12","H9N2","H9N2_HA",NA,575,1683,34.1651812240048,2,"bad"
"2239_d12","H9N2","H9N2_NA",86.6047008547009,0,1404,0,2,"bad"
"2239_d12","H9N2","H9N2_MP",207.82382892057,521,982,53.0549898167006,2,"bad"
"2243_d02","H9N2","H9N2_HA",NA,1682,1683,99.9405822935235,5,"bad"
"2243_d02","H9N2","H9N2_PA",NA,850,2151,39.5165039516504,5,"bad"
"2243_d02","H9N2","H9N2_NA",1483.64636752137,1388,1404,98.8603988603989,5,"bad"
"2243_d02","H9N2","H9N2_PB1",NA,443,2277,19.4554238032499,5,"bad"
"2243_d02","H9N2","H9N2_NP",3951.01436205745,1497,1497,100,5,"bad"
"2243_d02","H9N2","H9N2_NS",2720.67476851852,863,864,99.8842592592593,5,"bad"
"2243_d02","H9N2","H9N2_PB2",NA,779,2280,34.1666666666667,5,"bad"
"2243_d02","H9N2","H9N2_MP",3090.07077393075,982,982,100,5,"bad"
"2243_d10","H9N2","H9N2_NA",NA,0,1404,0,0,"bad"
"2243_d10","H9N2","H9N2_PB1",NA,0,2277,0,0,"bad"
"2243_d10","H9N2","H9N2_HA",0,0,1683,0,0,"bad"
"2243_d10","H9N2","H9N2_MP",NA,0,982,0,0,"bad"
"2243_d10","H9N2","H9N2_NP",NA,0,1497,0,0,"bad"
"2243_d10","H9N2","H9N2_PB2",NA,0,2280,0,0,"bad"
"2243_d10","H9N2","H9N2_NS",NA,0,864,0,0,"bad"
"2243_d10","H9N2","H9N2_PA",NA,0,2151,0,0,"bad"
"2243_d12","H9N2","H9N2_PA",NA,0,2151,0,1,"bad"
"2243_d12","H9N2","H9N2_PB2",NA,0,2280,0,1,"bad"
"2243_d12","H9N2","H9N2_NP",NA,0,1497,0,1,"bad"
"2243_d12","H9N2","H9N2_PB1",NA,0,2277,0,1,"bad"
"2243_d12","H9N2","H9N2_MP",120.131364562118,0,982,0,1,"bad"
"2243_d12","H9N2","H9N2_HA",NA,0,1683,0,1,"bad"
"2243_d12","H9N2","H9N2_NS",380.169560185185,803,864,92.9398148148148,1,"bad"
"2243_d12","H9N2","H9N2_NA",65.9049145299145,0,1404,0,1,"bad"
"2244_d02","H9N2","H9N2_PB2",NA,218,2280,9.56140350877193,1,"bad"
"2244_d02","H9N2","H9N2_HA",NA,1682,1683,99.9405822935235,1,"bad"
"2244_d02","H9N2","H9N2_NS",NA,0,864,0,1,"bad"
"2244_d02","H9N2","H9N2_PB1",NA,383,2277,16.8203776899429,1,"bad"
"2244_d02","H9N2","H9N2_MP",NA,281,982,28.6150712830957,1,"bad"
"2244_d02","H9N2","H9N2_NP",NA,0,1497,0,1,"bad"
"2244_d02","H9N2","H9N2_PA",0,0,2151,0,1,"bad"
"2244_d02","H9N2","H9N2_NA",NA,0,1404,0,1,"bad"
"2244_d04","H9N2","H9N2_NA",0,0,1404,0,0,"bad"
"2244_d04","H9N2","H9N2_MP",0,0,982,0,0,"bad"
"2244_d04","H9N2","H9N2_HA",0,0,1683,0,0,"bad"
"2244_d04","H9N2","H9N2_NS",NA,0,864,0,0,"bad"
"2244_d04","H9N2","H9N2_PA",0,0,2151,0,0,"bad"
"2244_d04","H9N2","H9N2_PB2",NA,0,2280,0,0,"bad"
"2244_d04","H9N2","H9N2_PB1",0,0,2277,0,0,"bad"
"2244_d04","H9N2","H9N2_NP",0,0,1497,0,0,"bad"
"2244_d06","H9N2","H9N2_NA",NA,0,1404,0,0,"bad"
"2244_d06","H9N2","H9N2_MP",NA,18,982,1.83299389002037,0,"bad"
"2244_d06","H9N2","H9N2_HA",NA,0,1683,0,0,"bad"
"2244_d06","H9N2","H9N2_NP",NA,0,1497,0,0,"bad"
"2244_d06","H9N2","H9N2_PA",NA,140,2151,6.50860065086006,0,"bad"
"2244_d06","H9N2","H9N2_PB1",NA,0,2277,0,0,"bad"
"2244_d06","H9N2","H9N2_NS",NA,0,864,0,0,"bad"
"2244_d06","H9N2","H9N2_PB2",NA,0,2280,0,0,"bad"
"2244_d08","H9N2","H9N2_PA",NA,0,2151,0,4,"bad"
"2244_d08","H9N2","H9N2_HA",2924.70350564468,1683,1683,100,4,"bad"
"2244_d08","H9N2","H9N2_NS",674.76099537037,843,864,97.5694444444444,4,"bad"
"2244_d08","H9N2","H9N2_MP",2349.43177189409,982,982,100,4,"bad"
"2244_d08","H9N2","H9N2_PB2",NA,687,2280,30.1315789473684,4,"bad"
"2244_d08","H9N2","H9N2_NA",NA,0,1404,0,4,"bad"
"2244_d08","H9N2","H9N2_NP",NA,1496,1497,99.9331997327989,4,"bad"
"2244_d08","H9N2","H9N2_PB1",NA,0,2277,0,4,"bad"
"2244_d10","H9N2","H9N2_NP",NA,0,1497,0,1,"bad"
"2244_d10","H9N2","H9N2_MP",NA,0,982,0,1,"bad"
"2244_d10","H9N2","H9N2_PA",NA,0,2151,0,1,"bad"
"2244_d10","H9N2","H9N2_HA",NA,0,1683,0,1,"bad"
"2244_d10","H9N2","H9N2_PB2",NA,74,2280,3.24561403508772,1,"bad"
"2244_d10","H9N2","H9N2_NS",NA,634,864,73.3796296296296,1,"bad"
"2244_d10","H9N2","H9N2_NA",NA,0,1404,0,1,"bad"
"2244_d10","H9N2","H9N2_PB1",NA,0,2277,0,1,"bad"
"2251_d08","H9N2","H9N2_MP",1844.77393075356,982,982,100,6,"bad"
"2251_d08","H9N2","H9N2_PB2",NA,544,2280,23.859649122807,6,"bad"
"2251_d08","H9N2","H9N2_PB1",438.897013614405,895,2277,39.3061045234958,6,"bad"
"2251_d08","H9N2","H9N2_HA",967.907011289364,1664,1683,98.8710635769459,6,"bad"
"2251_d08","H9N2","H9N2_NP",968.020708082832,1491,1497,99.5991983967936,6,"bad"
"2251_d08","H9N2","H9N2_NA",1101.56695156695,1385,1404,98.6467236467236,6,"bad"
"2251_d08","H9N2","H9N2_PA",NA,1656,2151,76.9874476987448,6,"bad"
"2251_d08","H9N2","H9N2_NS",3804.15335648148,863,864,99.8842592592593,6,"bad"
"2251_d10","H9N2","H9N2_PB2",NA,0,2280,0,0,"bad"
"2251_d10","H9N2","H9N2_HA",NA,0,1683,0,0,"bad"
"2251_d10","H9N2","H9N2_PB1",NA,0,2277,0,0,"bad"
"2251_d10","H9N2","H9N2_MP",NA,0,982,0,0,"bad"
"2251_d10","H9N2","H9N2_NS",NA,0,864,0,0,"bad"
"2251_d10","H9N2","H9N2_PA",NA,0,2151,0,0,"bad"
"2251_d10","H9N2","H9N2_NP",NA,0,1497,0,0,"bad"
"2251_d10","H9N2","H9N2_NA",NA,0,1404,0,0,"bad"
"2251_d12","H9N2","H9N2_NA",NA,0,1404,0,0,"bad"
"2251_d12","H9N2","H9N2_HA",NA,0,1683,0,0,"bad"
"2251_d12","H9N2","H9N2_PB1",0,0,2277,0,0,"bad"
"2251_d12","H9N2","H9N2_PA",NA,0,2151,0,0,"bad"
"2251_d12","H9N2","H9N2_MP",NA,0,982,0,0,"bad"
"2251_d12","H9N2","H9N2_NS",NA,0,864,0,0,"bad"
"2251_d12","H9N2","H9N2_PB2",0,0,2280,0,0,"bad"
"2251_d12","H9N2","H9N2_NP",NA,0,1497,0,0,"bad"
"2253_d10","H9N2","H9N2_PB1",NA,18,2277,0.790513833992095,2,"bad"
"2253_d10","H9N2","H9N2_HA",134.351158645276,107,1683,6.35769459298871,2,"bad"
"2253_d10","H9N2","H9N2_NA",NA,0,1404,0,2,"bad"
"2253_d10","H9N2","H9N2_PB2",NA,0,2280,0,2,"bad"
"2253_d10","H9N2","H9N2_NP",NA,0,1497,0,2,"bad"
"2253_d10","H9N2","H9N2_NS",380.350115740741,802,864,92.8240740740741,2,"bad"
"2253_d10","H9N2","H9N2_MP",303.752036659878,827,982,84.2158859470468,2,"bad"
"2253_d10","H9N2","H9N2_PA",NA,0,2151,0,2,"bad"
"2253_d12","H9N2","H9N2_NP",NA,0,1497,0,0,"bad"
"2253_d12","H9N2","H9N2_PB2",0,0,2280,0,0,"bad"
"2253_d12","H9N2","H9N2_HA",NA,0,1683,0,0,"bad"
"2253_d12","H9N2","H9N2_NA",NA,0,1404,0,0,"bad"
"2253_d12","H9N2","H9N2_NS",NA,0,864,0,0,"bad"
"2253_d12","H9N2","H9N2_MP",NA,0,982,0,0,"bad"
"2253_d12","H9N2","H9N2_PB1",NA,0,2277,0,0,"bad"
"2253_d12","H9N2","H9N2_PA",NA,0,2151,0,0,"bad"
"2254_d10","H9N2","H9N2_HA",0,0,1683,0,0,"bad"
"2254_d10","H9N2","H9N2_NA",0,0,1404,0,0,"bad"
"2254_d10","H9N2","H9N2_MP",NA,0,982,0,0,"bad"
"2254_d10","H9N2","H9N2_PA",NA,0,2151,0,0,"bad"
"2254_d10","H9N2","H9N2_PB1",NA,0,2277,0,0,"bad"
"2254_d10","H9N2","H9N2_NS",79.3038194444444,0,864,0,0,"bad"
"2254_d10","H9N2","H9N2_NP",0,0,1497,0,0,"bad"
"2254_d10","H9N2","H9N2_PB2",NA,0,2280,0,0,"bad"
"2254_d12","H9N2","H9N2_NP",4179.54776219105,1497,1497,100,6,"bad"
"2254_d12","H9N2","H9N2_NA",3351.56873219373,1404,1404,100,6,"bad"
"2254_d12","H9N2","H9N2_MP",6970.11558044806,982,982,100,6,"bad"
"2254_d12","H9N2","H9N2_PA",601.441190144119,2087,2151,97.024639702464,6,"bad"
"2254_d12","H9N2","H9N2_HA",NA,502,1683,29.8276886512181,6,"bad"
"2254_d12","H9N2","H9N2_PB1",NA,2276,2277,99.9560825647782,6,"bad"
"2254_d12","H9N2","H9N2_PB2",NA,293,2280,12.8508771929825,6,"bad"
"2254_d12","H9N2","H9N2_NS",NA,502,864,58.1018518518518,6,"bad"
"2867_d02","H9N2","H9N2_HA",NA,0,1683,0,0,"bad"
"2867_d02","H9N2","H9N2_MP",NA,0,982,0,0,"bad"
"2867_d02","H9N2","H9N2_PB1",NA,0,2277,0,0,"bad"
"2867_d02","H9N2","H9N2_PA",NA,0,2151,0,0,"bad"
"2867_d02","H9N2","H9N2_NA",NA,0,1404,0,0,"bad"
"2867_d02","H9N2","H9N2_NS",NA,0,864,0,0,"bad"
"2867_d02","H9N2","H9N2_PB2",NA,82,2280,3.59649122807018,0,"bad"
"2867_d02","H9N2","H9N2_NP",NA,0,1497,0,0,"bad"
"2867_d04","H9N2","H9N2_PB2",NA,0,2280,0,0,"bad"
"2867_d04","H9N2","H9N2_HA",0,0,1683,0,0,"bad"
"2867_d04","H9N2","H9N2_MP",NA,0,982,0,0,"bad"
"2867_d04","H9N2","H9N2_NA",0,0,1404,0,0,"bad"
"2867_d04","H9N2","H9N2_NP",NA,0,1497,0,0,"bad"
"2867_d04","H9N2","H9N2_PA",NA,0,2151,0,0,"bad"
"2867_d04","H9N2","H9N2_NS",0,0,864,0,0,"bad"
"2867_d04","H9N2","H9N2_PB1",0,0,2277,0,0,"bad"
"2867_d06","H9N2","H9N2_HA",NA,0,1683,0,0,"bad"
"2867_d06","H9N2","H9N2_NA",0,0,1404,0,0,"bad"
"2867_d06","H9N2","H9N2_NP",0,0,1497,0,0,"bad"
"2867_d06","H9N2","H9N2_PB1",0,0,2277,0,0,"bad"
"2867_d06","H9N2","H9N2_PA",0,0,2151,0,0,"bad"
"2867_d06","H9N2","H9N2_MP",NA,0,982,0,0,"bad"
"2867_d06","H9N2","H9N2_PB2",NA,0,2280,0,0,"bad"
"2867_d06","H9N2","H9N2_NS",NA,0,864,0,0,"bad"
"2867_d08","H9N2","H9N2_HA",NA,0,1683,0,0,"bad"
"2867_d08","H9N2","H9N2_NA",NA,0,1404,0,0,"bad"
"2867_d08","H9N2","H9N2_NS",NA,0,864,0,0,"bad"
"2867_d08","H9N2","H9N2_PA",NA,0,2151,0,0,"bad"
"2867_d08","H9N2","H9N2_MP",NA,0,982,0,0,"bad"
"2867_d08","H9N2","H9N2_NP",NA,0,1497,0,0,"bad"
"2867_d08","H9N2","H9N2_PB2",NA,151,2280,6.62280701754386,0,"bad"
"2867_d08","H9N2","H9N2_PB1",NA,0,2277,0,0,"bad"
"2867_d10","H9N2","H9N2_HA",NA,0,1683,0,0,"bad"
"2867_d10","H9N2","H9N2_NA",NA,0,1404,0,0,"bad"
"2867_d10","H9N2","H9N2_NS",NA,0,864,0,0,"bad"
"2867_d10","H9N2","H9N2_PA",NA,0,2151,0,0,"bad"
"2867_d10","H9N2","H9N2_MP",0,0,982,0,0,"bad"
"2867_d10","H9N2","H9N2_NP",0,0,1497,0,0,"bad"
"2867_d10","H9N2","H9N2_PB2",NA,0,2280,0,0,"bad"
"2867_d10","H9N2","H9N2_PB1",NA,0,2277,0,0,"bad"
"2867_d12","H9N2","H9N2_HA",NA,0,1683,0,0,"bad"
"2867_d12","H9N2","H9N2_NA",NA,0,1404,0,0,"bad"
"2867_d12","H9N2","H9N2_NS",NA,0,864,0,0,"bad"
"2867_d12","H9N2","H9N2_NP",0,0,1497,0,0,"bad"
"2867_d12","H9N2","H9N2_PB1",0,0,2277,0,0,"bad"
"2867_d12","H9N2","H9N2_PA",NA,0,2151,0,0,"bad"
"2867_d12","H9N2","H9N2_MP",NA,0,982,0,0,"bad"
"2867_d12","H9N2","H9N2_PB2",NA,0,2280,0,0,"bad"
"2868_d02","H9N2","H9N2_NA",NA,0,1404,0,0,"bad"
"2868_d02","H9N2","H9N2_HA",NA,0,1683,0,0,"bad"
"2868_d02","H9N2","H9N2_NS",NA,0,864,0,0,"bad"
"2868_d02","H9N2","H9N2_PB2",0,0,2280,0,0,"bad"
"2868_d02","H9N2","H9N2_NP",NA,0,1497,0,0,"bad"
"2868_d02","H9N2","H9N2_MP",NA,0,982,0,0,"bad"
"2868_d02","H9N2","H9N2_PA",NA,0,2151,0,0,"bad"
"2868_d02","H9N2","H9N2_PB1",NA,0,2277,0,0,"bad"
"2868_d04","H9N2","H9N2_NP",NA,0,1497,0,0,"bad"
"2868_d04","H9N2","H9N2_HA",NA,0,1683,0,0,"bad"
"2868_d04","H9N2","H9N2_NS",NA,0,864,0,0,"bad"
"2868_d04","H9N2","H9N2_PB1",0,0,2277,0,0,"bad"
"2868_d04","H9N2","H9N2_PA",NA,0,2151,0,0,"bad"
"2868_d04","H9N2","H9N2_MP",0,0,982,0,0,"bad"
"2868_d04","H9N2","H9N2_NA",NA,0,1404,0,0,"bad"
"2868_d04","H9N2","H9N2_PB2",NA,0,2280,0,0,"bad"
"2868_d06","H9N2","H9N2_PA",0,0,2151,0,0,"bad"
"2868_d06","H9N2","H9N2_HA",NA,0,1683,0,0,"bad"
"2868_d06","H9N2","H9N2_MP",0,0,982,0,0,"bad"
"2868_d06","H9N2","H9N2_NP",NA,0,1497,0,0,"bad"
"2868_d06","H9N2","H9N2_PB1",0,0,2277,0,0,"bad"
"2868_d06","H9N2","H9N2_NS",NA,0,864,0,0,"bad"
"2868_d06","H9N2","H9N2_PB2",NA,290,2280,12.719298245614,0,"bad"
"2868_d06","H9N2","H9N2_NA",NA,0,1404,0,0,"bad"
"2868_d08","H9N2","H9N2_NP",NA,0,1497,0,0,"bad"
"2868_d08","H9N2","H9N2_HA",NA,0,1683,0,0,"bad"
"2868_d08","H9N2","H9N2_NS",NA,0,864,0,0,"bad"
"2868_d08","H9N2","H9N2_MP",NA,0,982,0,0,"bad"
"2868_d08","H9N2","H9N2_PA",NA,0,2151,0,0,"bad"
"2868_d08","H9N2","H9N2_NA",NA,0,1404,0,0,"bad"
"2868_d08","H9N2","H9N2_PB2",NA,0,2280,0,0,"bad"
"2868_d08","H9N2","H9N2_PB1",NA,0,2277,0,0,"bad"
"2868_d10","H9N2","H9N2_HA",0,0,1683,0,0,"bad"
"2868_d10","H9N2","H9N2_NS",NA,0,864,0,0,"bad"
"2868_d10","H9N2","H9N2_PA",NA,0,2151,0,0,"bad"
"2868_d10","H9N2","H9N2_MP",0,0,982,0,0,"bad"
"2868_d10","H9N2","H9N2_NP",0,0,1497,0,0,"bad"
"2868_d10","H9N2","H9N2_PB1",0,0,2277,0,0,"bad"
"2868_d10","H9N2","H9N2_PB2",NA,0,2280,0,0,"bad"
"2868_d10","H9N2","H9N2_NA",0,0,1404,0,0,"bad"
"2868_d12","H9N2","H9N2_NP",NA,0,1497,0,0,"bad"
"2868_d12","H9N2","H9N2_HA",NA,0,1683,0,0,"bad"
"2868_d12","H9N2","H9N2_NS",NA,0,864,0,0,"bad"
"2868_d12","H9N2","H9N2_NA",0,0,1404,0,0,"bad"
"2868_d12","H9N2","H9N2_PB1",0,0,2277,0,0,"bad"
"2868_d12","H9N2","H9N2_MP",0,0,982,0,0,"bad"
"2868_d12","H9N2","H9N2_PA",0,0,2151,0,0,"bad"
"2868_d12","H9N2","H9N2_PB2",NA,0,2280,0,0,"bad"
"P1_PcrControl","H9N2","H9N2_PB2",NA,172,2280,7.54385964912281,0,"bad"
"P1_PcrControl","H9N2","H9N2_NA",NA,0,1404,0,0,"bad"
"P1_PcrControl","H9N2","H9N2_HA",NA,0,1683,0,0,"bad"
"P1_PcrControl","H9N2","H9N2_NP",0,0,1497,0,0,"bad"
"P1_PcrControl","H9N2","H9N2_MP",NA,0,982,0,0,"bad"
"P1_PcrControl","H9N2","H9N2_PB1",NA,0,2277,0,0,"bad"
"P1_PcrControl","H9N2","H9N2_PA",NA,0,2151,0,0,"bad"
"P1_PcrControl","H9N2","H9N2_NS",NA,0,864,0,0,"bad"
"P1_Uninfected","H9N2","H9N2_MP",NA,0,982,0,0,"bad"
"P1_Uninfected","H9N2","H9N2_NA",NA,0,1404,0,0,"bad"
"P1_Uninfected","H9N2","H9N2_NS",NA,0,864,0,0,"bad"
"P1_Uninfected","H9N2","H9N2_HA",0,0,1683,0,0,"bad"
"P1_Uninfected","H9N2","H9N2_PB1",0,0,2277,0,0,"bad"
"P1_Uninfected","H9N2","H9N2_PB2",NA,43,2280,1.8859649122807,0,"bad"
"P1_Uninfected","H9N2","H9N2_PA",NA,0,2151,0,0,"bad"
"P1_Uninfected","H9N2","H9N2_NP",0,0,1497,0,0,"bad"
"P2_PcrControl","H9N2","H9N2_MP",NA,0,982,0,0,"bad"
"P2_PcrControl","H9N2","H9N2_HA",NA,0,1683,0,0,"bad"
"P2_PcrControl","H9N2","H9N2_NS",NA,0,864,0,0,"bad"
"P2_PcrControl","H9N2","H9N2_NP",NA,0,1497,0,0,"bad"
"P2_PcrControl","H9N2","H9N2_NA",NA,0,1404,0,0,"bad"
"P2_PcrControl","H9N2","H9N2_PA",NA,0,2151,0,0,"bad"
"P2_PcrControl","H9N2","H9N2_PB1",0,0,2277,0,0,"bad"
"P2_PcrControl","H9N2","H9N2_PB2",NA,27,2280,1.18421052631579,0,"bad"
"P2_SeqControl","H9N2","H9N2_MP",NA,0,982,0,0,"bad"
"P2_SeqControl","H9N2","H9N2_PB2",NA,0,2280,0,0,"bad"
"P2_SeqControl","H9N2","H9N2_NP",NA,0,1497,0,0,"bad"
"P2_SeqControl","H9N2","H9N2_HA",NA,0,1683,0,0,"bad"
"P2_SeqControl","H9N2","H9N2_NS",NA,0,864,0,0,"bad"
"P2_SeqControl","H9N2","H9N2_NA",0,0,1404,0,0,"bad"
"P2_SeqControl","H9N2","H9N2_PA",NA,0,2151,0,0,"bad"
"P2_SeqControl","H9N2","H9N2_PB1",NA,0,2277,0,0,"bad"
"P2_Uninfected","H9N2","H9N2_MP",NA,0,982,0,0,"bad"
"P2_Uninfected","H9N2","H9N2_PA",NA,0,2151,0,0,"bad"
"P2_Uninfected","H9N2","H9N2_HA",NA,0,1683,0,0,"bad"
"P2_Uninfected","H9N2","H9N2_NA",NA,0,1404,0,0,"bad"
"P2_Uninfected","H9N2","H9N2_NS",NA,0,864,0,0,"bad"
"P2_Uninfected","H9N2","H9N2_PB2",0,0,2280,0,0,"bad"
"P2_Uninfected","H9N2","H9N2_NP",NA,0,1497,0,0,"bad"
"P2_Uninfected","H9N2","H9N2_PB1",NA,0,2277,0,0,"bad"
