"ferretID","DPI","cohort","diet","ntvar","minorfreq"
"2253","d04","Sp19","Lean","H9N2_HA_A1531T",0.0211522276523417
"2254","d04","Sp19","Lean","H9N2_HA_A1531T",0.0155123073859166
"1801","d04","F17","Lean","H9N2_HA_C1118T",0.023147134279774
"1973","d02","Sm18","Lean","H9N2_HA_C1118T",0.0105069952050812
"1801","d02","F17","Lean","H9N2_HA_C1118T",0.0233828452528651
"1800","d04","F17","Lean","H9N2_HA_C802T",0.03257663822924
"1410","d04","W17","Lean","H9N2_HA_C802T",0.0153104557821944
"1800","d02","F17","Lean","H9N2_HA_G651A",0.0164099607904174
"1973","d02","Sm18","Lean","H9N2_HA_G651A",0.0323624548458664
"1800","d04","F17","Lean","H9N2_HA_G651A",0.0122749191446689
"1416","d02","W17","Lean","H9N2_HA_G808A",0.0121828059721769
"1410","d04","W17","Lean","H9N2_HA_G808A",0.0150989754885679
"1972","d02","Sm18","Lean","H9N2_NS_G294A",0.0431774000466131
"1416","d04","W17","Lean","H9N2_NS_G294A",0.032067061365685
"1975","d04","Sm18","Lean","H9N2_NS_G660A",0.0131750349597432
"1970","d02","Sm18","Lean","H9N2_NS_G660A",0.0167759313907743
"1801","d04","F17","Lean","H9N2_PA_G1986A",0.0116366283922092
"1416","d04","W17","Lean","H9N2_PA_G1986A",0.014958341707266
"1800","d06","F17","Lean","H9N2_PB1_G738A",0.0775946606921056
"2253","d04","Sp19","Lean","H9N2_PB1_G738A",0.0198689006146984
"1801","d04","F17","Lean","H9N2_PB1_T1604C",0.0113352745138936
"1800","d06","F17","Lean","H9N2_PB1_T1604C",0.0121496935283121
"1408","d04","W17","Obese","H9N2_HA_A658G",0.0113043290880157
"1789","d04","F17","Obese","H9N2_HA_A658G",0.0494561060648071
"2232","d08","Sp19","Obese","H9N2_HA_A747G",0.292851240160757
"2233","d04","Sp19","Obese","H9N2_HA_A747G",0.0387083259690119
"1910","d02","Sm18","Obese","H9N2_HA_C375T",0.011054527975881
"2240","d04","Sp19","Obese","H9N2_HA_C375T",0.0163374330916895
"1408","d04","W17","Obese","H9N2_HA_C383A",0.013365022323638
"1415","d08","W17","Obese","H9N2_HA_C383A",0.0147897063981329
"1408","d04","W17","Obese","H9N2_NA_G452A",0.015601131918922
"1414","d04","W17","Obese","H9N2_NA_G452A",0.0423301795106192
"1408","d04","W17","Obese","H9N2_NA_G72A",0.0265186322831053
"1409","d04","W17","Obese","H9N2_NA_G72A",0.0573453588970802
"2233","d04","Sp19","Obese","H9N2_NP_C249T",0.0446537562174395
"2232","d02","Sp19","Obese","H9N2_NP_C249T",0.127303275619094
"1409","d08","W17","Obese","H9N2_NP_T911C",0.0257455034836954
"1414","d06","W17","Obese","H9N2_NP_T911C",0.0246292270814878
"1408","d04","W17","Obese","H9N2_NS_A719G",0.0193908238484711
"1409","d04","W17","Obese","H9N2_NS_A719G",0.0350946878094062
"2239","d02","Sp19","Obese","H9N2_PA_C1782A",0.165928827540519
"2240","d04","Sp19","Obese","H9N2_PA_C1782A",0.0884222305848799
"1981","d10","Sm18","Obese","H9N2_PA_C1873T",0.0298575364938407
"2234","d04","Sp19","Obese","H9N2_PA_C1873T",0.0119499585587914
"1910","d02","Sm18","Obese","H9N2_PB1_G591A",0.126692832024276
"1968","d02","Sm18","Obese","H9N2_PB1_G591A",0.0525041184802364
"1409","d08","W17","Obese","H9N2_PB1_T905C",0.118699128774317
"1414","d06","W17","Obese","H9N2_PB1_T905C",0.190533409382112
"1409","d08","W17","Obese","H9N2_PB1_T906C",0.115306722697056
"1414","d06","W17","Obese","H9N2_PB1_T906C",0.185126672209842
"1409","d04","W17","Obese","H9N2_PB2_A1351T",0.0163954125434485
"1408","d04","W17","Obese","H9N2_PB2_A1351T",0.0298612074812439
"1409","d04","W17","Obese","H9N2_PB2_A480G",0.0178344954567511
"1408","d04","W17","Obese","H9N2_PB2_A480G",0.0170388318467915
"1409","d06","W17","Obese","H9N2_PB2_A482G",0.100894713585127
"1414","d06","W17","Obese","H9N2_PB2_A482G",0.0122347219493024
"1414","d04","W17","Obese","H9N2_PB2_C1928G",0.0196719579204433
"2233","d04","Sp19","Obese","H9N2_PB2_C1928G",0.0188355546066877
"1408","d04","W17","Obese","H9N2_MP_G459A",0.0130362357407504
"1409","d04","W17","Obese","H9N2_MP_G459A",0.0104442069235033
"1414","d06","W17","Obese","H9N2_MP_T444C",0.121949916637156
"1409","d08","W17","Obese","H9N2_MP_T444C",0.104580135616437
"2254","d04","Sp19","Lean","H9N2_MP_G339A",0.0129883139295557
"2254","d02","Sp19","Lean","H9N2_MP_G339A",0.0136162499532241
"1800","d06","F17","Lean","H9N2_MP_G339A",0.0164750150664347
