"var","minorfreq.x","minorfreq.y","sample"
"H9N2_PB2_A_2028_T",0.0387855819442114,0.0135517712197584,"1408_d02"
"H9N2_PB2_C_2103_A",0.0258084538712463,0.0127516308000186,"1408_d02"
"H9N2_PB2_A_2214_C",0.0149402706239645,0.0290939249429815,"1408_d02"
"H9N2_PB1_A_1701_C",0.0342604613113763,0.0249586756418345,"1408_d02"
"H9N2_PB1_C_1882_A",0.197763842937056,0.169587209587792,"1408_d02"
"H9N2_PA_C_27_T",0.353306200233313,0.331992531050416,"1408_d02"
"H9N2_PA_A_239_G",0.017306405371904,0,"1408_d02"
"H9N2_HA_T_701_A",0.0589872568946397,0,"1408_d02"
"H9N2_HA_G_1402_A",0.0286342343773052,0,"1408_d02"
"H9N2_NP_C_326_T",0.193473619880733,0.192839416477676,"1408_d02"
"H9N2_NA_T_291_C",0.013356669709619,0.0151650907382393,"1408_d02"
"H9N2_NS_A_183_G",0.0224511495375541,0.0167959080659923,"1408_d02"
"H9N2_NS_A_241_G",0.0136960238672026,0.014747117917558,"1408_d02"
"H9N2_PB2_A_2028_T",0.0387855819442114,0.0229507321573983,"1414_d04"
"H9N2_PB2_C_2103_A",0.0258084538712463,0,"1414_d04"
"H9N2_PB2_A_2214_C",0.0149402706239645,0.0351637740451808,"1414_d04"
"H9N2_PB1_A_1701_C",0.0342604613113763,0,"1414_d04"
"H9N2_PB1_C_1882_A",0.197763842937056,0,"1414_d04"
"H9N2_PA_C_27_T",0.353306200233313,0.244917060420227,"1414_d04"
"H9N2_PA_A_239_G",0.017306405371904,0,"1414_d04"
"H9N2_HA_T_701_A",0.0589872568946397,0,"1414_d04"
"H9N2_HA_G_1402_A",0.0286342343773052,0,"1414_d04"
"H9N2_NP_C_326_T",0.193473619880733,0.184528057416093,"1414_d04"
"H9N2_NA_T_291_C",0.013356669709619,0,"1414_d04"
"H9N2_NS_A_183_G",0.0224511495375541,0,"1414_d04"
"H9N2_NS_A_241_G",0.0136960238672026,0,"1414_d04"
"H9N2_PB2_A_2028_T",0.0387855819442114,0,"1416_d02"
"H9N2_PB2_C_2103_A",0.0258084538712463,0.0158449814277425,"1416_d02"
"H9N2_PB2_A_2214_C",0.0149402706239645,0.0344478740392091,"1416_d02"
"H9N2_PB1_A_1701_C",0.0342604613113763,0.010301699611698,"1416_d02"
"H9N2_PB1_C_1882_A",0.197763842937056,0.191773967616799,"1416_d02"
"H9N2_PA_C_27_T",0.353306200233313,0.328899652469674,"1416_d02"
"H9N2_PA_A_239_G",0.017306405371904,0,"1416_d02"
"H9N2_HA_T_701_A",0.0589872568946397,0,"1416_d02"
"H9N2_HA_G_1402_A",0.0286342343773052,0,"1416_d02"
"H9N2_NP_C_326_T",0.193473619880733,0.127447551780248,"1416_d02"
"H9N2_NA_T_291_C",0.013356669709619,0,"1416_d02"
"H9N2_NS_A_183_G",0.0224511495375541,0.0137321170326958,"1416_d02"
"H9N2_NS_A_241_G",0.0136960238672026,0.0193944564377817,"1416_d02"
"H9N2_PB2_C_639_A",0.0216580691844452,0,"1789_d02"
"H9N2_PB2_T_1232_A",0.0109514896408801,0,"1789_d02"
"H9N2_PB2_A_1264_T",0.0184677191550799,0,"1789_d02"
"H9N2_PB2_A_2028_T",0.0284586202261288,0,"1789_d02"
"H9N2_PB2_C_2103_A",0.0219001742709824,0,"1789_d02"
"H9N2_PB2_A_2214_C",0.0218175448256225,0.034372767830119,"1789_d02"
"H9N2_PB1_A_888_G",0.0200498031761859,0,"1789_d02"
"H9N2_PB1_T_965_C",0.0174739372257469,0.0196546979597329,"1789_d02"
"H9N2_PB1_A_1375_G",0.0228539529846172,0,"1789_d02"
"H9N2_PB1_T_1376_C",0.0233521454458153,0,"1789_d02"
"H9N2_PB1_C_1378_A",0.032305902467443,0,"1789_d02"
"H9N2_PB1_A_1701_C",0.0269914363466984,0.0205396953044721,"1789_d02"
"H9N2_PB1_C_1882_A",0.18209901656406,0.188045924568801,"1789_d02"
"H9N2_PA_C_27_T",0.374351166432852,0.368544702309627,"1789_d02"
"H9N2_PA_A_239_G",0.0118265785746561,0,"1789_d02"
"H9N2_PA_G_585_A",0.0234492374727669,0,"1789_d02"
"H9N2_PA_A_1478_C",0.0344336212236967,0,"1789_d02"
"H9N2_PA_G_1891_A",0.0155089483007707,0.0146951537661995,"1789_d02"
"H9N2_HA_T_701_A",0.060876772890543,0,"1789_d02"
"H9N2_NP_C_326_T",0.195890264893601,0.152157701227169,"1789_d02"
"H9N2_NA_T_291_C",0.0135138479904523,0.0204282489186011,"1789_d02"
"H9N2_NS_A_183_G",0.0240672077087239,0.0344662278892438,"1789_d02"
"H9N2_NS_A_241_G",0.0141454415849248,0.0148030963306997,"1789_d02"
"H9N2_PB2_C_639_A",0.0216580691844452,0,"1800_d02"
"H9N2_PB2_T_1232_A",0.0109514896408801,0,"1800_d02"
"H9N2_PB2_A_1264_T",0.0184677191550799,0,"1800_d02"
"H9N2_PB2_A_2028_T",0.0284586202261288,0,"1800_d02"
"H9N2_PB2_C_2103_A",0.0219001742709824,0,"1800_d02"
"H9N2_PB2_A_2214_C",0.0218175448256225,0.0343615568450617,"1800_d02"
"H9N2_PB1_A_888_G",0.0200498031761859,0,"1800_d02"
"H9N2_PB1_T_965_C",0.0174739372257469,0.0196955924425553,"1800_d02"
"H9N2_PB1_A_1375_G",0.0228539529846172,0,"1800_d02"
"H9N2_PB1_T_1376_C",0.0233521454458153,0,"1800_d02"
"H9N2_PB1_C_1378_A",0.032305902467443,0,"1800_d02"
"H9N2_PB1_A_1701_C",0.0269914363466984,0.0268069494842929,"1800_d02"
"H9N2_PB1_C_1882_A",0.18209901656406,0.158874881377255,"1800_d02"
"H9N2_PA_C_27_T",0.374351166432852,0.3759754515141,"1800_d02"
"H9N2_PA_A_239_G",0.0118265785746561,0,"1800_d02"
"H9N2_PA_G_585_A",0.0234492374727669,0,"1800_d02"
"H9N2_PA_A_1478_C",0.0344336212236967,0,"1800_d02"
"H9N2_PA_G_1891_A",0.0155089483007707,0,"1800_d02"
"H9N2_HA_T_701_A",0.060876772890543,0,"1800_d02"
"H9N2_NP_C_326_T",0.195890264893601,0.148284153457947,"1800_d02"
"H9N2_NA_T_291_C",0.0135138479904523,0.0162081884932564,"1800_d02"
"H9N2_NS_A_183_G",0.0240672077087239,0.0298790500606438,"1800_d02"
"H9N2_NS_A_241_G",0.0141454415849248,0.024512806881859,"1800_d02"
"H9N2_PB2_C_639_A",0.0216580691844452,0,"1801_d02"
"H9N2_PB2_T_1232_A",0.0109514896408801,0,"1801_d02"
"H9N2_PB2_A_1264_T",0.0184677191550799,0,"1801_d02"
"H9N2_PB2_A_2028_T",0.0284586202261288,0,"1801_d02"
"H9N2_PB2_C_2103_A",0.0219001742709824,0,"1801_d02"
"H9N2_PB2_A_2214_C",0.0218175448256225,0.0340526337567758,"1801_d02"
"H9N2_PB1_A_888_G",0.0200498031761859,0,"1801_d02"
"H9N2_PB1_T_965_C",0.0174739372257469,0,"1801_d02"
"H9N2_PB1_A_1375_G",0.0228539529846172,0,"1801_d02"
"H9N2_PB1_T_1376_C",0.0233521454458153,0,"1801_d02"
"H9N2_PB1_C_1378_A",0.032305902467443,0,"1801_d02"
"H9N2_PB1_A_1701_C",0.0269914363466984,0.0281754068401406,"1801_d02"
"H9N2_PB1_C_1882_A",0.18209901656406,0.161226068194714,"1801_d02"
"H9N2_PA_C_27_T",0.374351166432852,0.332834837473045,"1801_d02"
"H9N2_PA_A_239_G",0.0118265785746561,0,"1801_d02"
"H9N2_PA_G_585_A",0.0234492374727669,0,"1801_d02"
"H9N2_PA_A_1478_C",0.0344336212236967,0,"1801_d02"
"H9N2_PA_G_1891_A",0.0155089483007707,0,"1801_d02"
"H9N2_HA_T_701_A",0.060876772890543,0,"1801_d02"
"H9N2_NP_C_326_T",0.195890264893601,0.164524677307029,"1801_d02"
"H9N2_NA_T_291_C",0.0135138479904523,0,"1801_d02"
"H9N2_NS_A_183_G",0.0240672077087239,0.0458654022550555,"1801_d02"
"H9N2_NS_A_241_G",0.0141454415849248,0.0370625257416329,"1801_d02"
"H9N2_PB2_C_393_T",0.014298737535831,0.0563245565614294,"1910_d02"
"H9N2_PB2_C_639_A",0.0227093126491336,0,"1910_d02"
"H9N2_PB2_A_2028_T",0.017052215550282,0,"1910_d02"
"H9N2_PB2_C_2103_A",0.0206220321980916,0,"1910_d02"
"H9N2_PB2_A_2214_C",0.0219206643794302,0.0472976351182441,"1910_d02"
"H9N2_PB1_A_888_G",0.0177988003070014,0,"1910_d02"
"H9N2_PB1_T_965_C",0.0164717085568678,0,"1910_d02"
"H9N2_PB1_C_1378_A",0.0148466476034594,0,"1910_d02"
"H9N2_PB1_A_1701_C",0.0289125595409851,0.0313899898815287,"1910_d02"
"H9N2_PB1_C_1882_A",0.186202206014576,0.365391403341239,"1910_d02"
"H9N2_PA_C_27_T",0.379601169827462,0.279248303386561,"1910_d02"
"H9N2_PA_G_585_A",0.0275400462735704,0.0478959429757039,"1910_d02"
"H9N2_PA_A_1478_C",0.0182757388018245,0,"1910_d02"
"H9N2_PA_G_1891_A",0.0220918165822976,0.0488001685819523,"1910_d02"
"H9N2_HA_T_701_A",0.0503634481629963,0.0962438989474181,"1910_d02"
"H9N2_NP_C_326_T",0.201441443532011,0.122419249568923,"1910_d02"
"H9N2_NA_T_291_C",0.0124290694009228,0,"1910_d02"
"H9N2_NS_A_183_G",0.0258711584050206,0.10470111858836,"1910_d02"
"H9N2_NS_A_241_G",0.0145820197462811,0,"1910_d02"
"H9N2_PB2_C_393_T",0.014298737535831,0.0301112892909673,"1912_d02"
"H9N2_PB2_C_639_A",0.0227093126491336,0.0543184447742651,"1912_d02"
"H9N2_PB2_A_2028_T",0.017052215550282,0.0126951612811083,"1912_d02"
"H9N2_PB2_C_2103_A",0.0206220321980916,0,"1912_d02"
"H9N2_PB2_A_2214_C",0.0219206643794302,0.0346084333850781,"1912_d02"
"H9N2_PB1_A_888_G",0.0177988003070014,0,"1912_d02"
"H9N2_PB1_T_965_C",0.0164717085568678,0,"1912_d02"
"H9N2_PB1_C_1378_A",0.0148466476034594,0,"1912_d02"
"H9N2_PB1_A_1701_C",0.0289125595409851,0.0235176286810111,"1912_d02"
"H9N2_PB1_C_1882_A",0.186202206014576,0.256803529019965,"1912_d02"
"H9N2_PA_C_27_T",0.379601169827462,0.35098909361046,"1912_d02"
"H9N2_PA_G_585_A",0.0275400462735704,0.0914071360504234,"1912_d02"
"H9N2_PA_A_1478_C",0.0182757388018245,0,"1912_d02"
"H9N2_PA_G_1891_A",0.0220918165822976,0.051970352717579,"1912_d02"
"H9N2_HA_T_701_A",0.0503634481629963,0.0167367878778871,"1912_d02"
"H9N2_NP_C_326_T",0.201441443532011,0.204061761114831,"1912_d02"
"H9N2_NA_T_291_C",0.0124290694009228,0,"1912_d02"
"H9N2_NS_A_183_G",0.0258711584050206,0.0460940130350522,"1912_d02"
"H9N2_NS_A_241_G",0.0145820197462811,0,"1912_d02"
"H9N2_PB2_C_393_T",0.014298737535831,0.0229559782104279,"1968_d02"
"H9N2_PB2_C_639_A",0.0227093126491336,0.0653647091932533,"1968_d02"
"H9N2_PB2_A_2028_T",0.017052215550282,0.0135791886362682,"1968_d02"
"H9N2_PB2_C_2103_A",0.0206220321980916,0.0205738695950201,"1968_d02"
"H9N2_PB2_A_2214_C",0.0219206643794302,0.0187211813308085,"1968_d02"
"H9N2_PB1_A_888_G",0.0177988003070014,0,"1968_d02"
"H9N2_PB1_T_965_C",0.0164717085568678,0,"1968_d02"
"H9N2_PB1_C_1378_A",0.0148466476034594,0,"1968_d02"
"H9N2_PB1_A_1701_C",0.0289125595409851,0,"1968_d02"
"H9N2_PB1_C_1882_A",0.186202206014576,0.304485009781237,"1968_d02"
"H9N2_PA_C_27_T",0.379601169827462,0.346829770103023,"1968_d02"
"H9N2_PA_G_585_A",0.0275400462735704,0.0486847327968823,"1968_d02"
"H9N2_PA_A_1478_C",0.0182757388018245,0,"1968_d02"
"H9N2_PA_G_1891_A",0.0220918165822976,0.0345735084431576,"1968_d02"
"H9N2_HA_T_701_A",0.0503634481629963,0.202439144745153,"1968_d02"
"H9N2_NP_C_326_T",0.201441443532011,0.176670301119913,"1968_d02"
"H9N2_NA_T_291_C",0.0124290694009228,0,"1968_d02"
"H9N2_NS_A_183_G",0.0258711584050206,0.0238443402057528,"1968_d02"
"H9N2_NS_A_241_G",0.0145820197462811,0,"1968_d02"
"H9N2_PB2_C_393_T",0.014298737535831,0.0235110537201759,"1970_d02"
"H9N2_PB2_C_639_A",0.0227093126491336,0.0479341384915313,"1970_d02"
"H9N2_PB2_A_2028_T",0.017052215550282,0.0153623578633361,"1970_d02"
"H9N2_PB2_C_2103_A",0.0206220321980916,0.0161036634663321,"1970_d02"
"H9N2_PB2_A_2214_C",0.0219206643794302,0.0291335821696795,"1970_d02"
"H9N2_PB1_A_888_G",0.0177988003070014,0,"1970_d02"
"H9N2_PB1_T_965_C",0.0164717085568678,0,"1970_d02"
"H9N2_PB1_C_1378_A",0.0148466476034594,0,"1970_d02"
"H9N2_PB1_A_1701_C",0.0289125595409851,0.0309985570413428,"1970_d02"
"H9N2_PB1_C_1882_A",0.186202206014576,0.234461986889171,"1970_d02"
"H9N2_PA_C_27_T",0.379601169827462,0.317745141710934,"1970_d02"
"H9N2_PA_G_585_A",0.0275400462735704,0.0857757564359031,"1970_d02"
"H9N2_PA_A_1478_C",0.0182757388018245,0,"1970_d02"
"H9N2_PA_G_1891_A",0.0220918165822976,0.0280721575323571,"1970_d02"
"H9N2_HA_T_701_A",0.0503634481629963,0.071544889905815,"1970_d02"
"H9N2_NP_C_326_T",0.201441443532011,0.174167776048564,"1970_d02"
"H9N2_NA_T_291_C",0.0124290694009228,0,"1970_d02"
"H9N2_NS_A_183_G",0.0258711584050206,0.0356255960335184,"1970_d02"
"H9N2_NS_A_241_G",0.0145820197462811,0,"1970_d02"
"H9N2_PB2_C_393_T",0.014298737535831,0,"1972_d02"
"H9N2_PB2_C_639_A",0.0227093126491336,0,"1972_d02"
"H9N2_PB2_A_2028_T",0.017052215550282,0.0390656568150174,"1972_d02"
"H9N2_PB2_C_2103_A",0.0206220321980916,0.0200528818544597,"1972_d02"
"H9N2_PB2_A_2214_C",0.0219206643794302,0.0215076184947861,"1972_d02"
"H9N2_PB1_A_888_G",0.0177988003070014,0,"1972_d02"
"H9N2_PB1_T_965_C",0.0164717085568678,0,"1972_d02"
"H9N2_PB1_C_1378_A",0.0148466476034594,0,"1972_d02"
"H9N2_PB1_A_1701_C",0.0289125595409851,0,"1972_d02"
"H9N2_PB1_C_1882_A",0.186202206014576,0.223620277602032,"1972_d02"
"H9N2_PA_C_27_T",0.379601169827462,0.267052257977836,"1972_d02"
"H9N2_PA_G_585_A",0.0275400462735704,0,"1972_d02"
"H9N2_PA_A_1478_C",0.0182757388018245,0,"1972_d02"
"H9N2_PA_G_1891_A",0.0220918165822976,0,"1972_d02"
"H9N2_HA_T_701_A",0.0503634481629963,0,"1972_d02"
"H9N2_NP_C_326_T",0.201441443532011,0,"1972_d02"
"H9N2_NA_T_291_C",0.0124290694009228,0,"1972_d02"
"H9N2_NS_A_183_G",0.0258711584050206,0.0274634733765139,"1972_d02"
"H9N2_NS_A_241_G",0.0145820197462811,0.0149637162985328,"1972_d02"
"H9N2_PB2_C_393_T",0.014298737535831,0.0191513757904386,"1973_d02"
"H9N2_PB2_C_639_A",0.0227093126491336,0.0319976525689647,"1973_d02"
"H9N2_PB2_A_2028_T",0.017052215550282,0.0106285808597233,"1973_d02"
"H9N2_PB2_C_2103_A",0.0206220321980916,0,"1973_d02"
"H9N2_PB2_A_2214_C",0.0219206643794302,0.033314884489206,"1973_d02"
"H9N2_PB1_A_888_G",0.0177988003070014,0,"1973_d02"
"H9N2_PB1_T_965_C",0.0164717085568678,0,"1973_d02"
"H9N2_PB1_C_1378_A",0.0148466476034594,0,"1973_d02"
"H9N2_PB1_A_1701_C",0.0289125595409851,0.0167862218156609,"1973_d02"
"H9N2_PB1_C_1882_A",0.186202206014576,0.317090587315864,"1973_d02"
"H9N2_PA_C_27_T",0.379601169827462,0.357863308281866,"1973_d02"
"H9N2_PA_G_585_A",0.0275400462735704,0.057831858821491,"1973_d02"
"H9N2_PA_A_1478_C",0.0182757388018245,0,"1973_d02"
"H9N2_PA_G_1891_A",0.0220918165822976,0.0369231017187759,"1973_d02"
"H9N2_HA_T_701_A",0.0503634481629963,0.135865297023046,"1973_d02"
"H9N2_NP_C_326_T",0.201441443532011,0.255393211417462,"1973_d02"
"H9N2_NA_T_291_C",0.0124290694009228,0,"1973_d02"
"H9N2_NS_A_183_G",0.0258711584050206,0.0310379718956705,"1973_d02"
"H9N2_NS_A_241_G",0.0145820197462811,0,"1973_d02"
"H9N2_PB2_C_393_T",0.014298737535831,0.0483990183377367,"1974_d02"
"H9N2_PB2_C_639_A",0.0227093126491336,0.0575691068062774,"1974_d02"
"H9N2_PB2_A_2028_T",0.017052215550282,0,"1974_d02"
"H9N2_PB2_C_2103_A",0.0206220321980916,0,"1974_d02"
"H9N2_PB2_A_2214_C",0.0219206643794302,0.0371202333384382,"1974_d02"
"H9N2_PB1_A_888_G",0.0177988003070014,0,"1974_d02"
"H9N2_PB1_T_965_C",0.0164717085568678,0,"1974_d02"
"H9N2_PB1_C_1378_A",0.0148466476034594,0,"1974_d02"
"H9N2_PB1_A_1701_C",0.0289125595409851,0.0157077449197811,"1974_d02"
"H9N2_PB1_C_1882_A",0.186202206014576,0.298160400461939,"1974_d02"
"H9N2_PA_C_27_T",0.379601169827462,0.344961488215226,"1974_d02"
"H9N2_PA_G_585_A",0.0275400462735704,0.0765962394349604,"1974_d02"
"H9N2_PA_A_1478_C",0.0182757388018245,0,"1974_d02"
"H9N2_PA_G_1891_A",0.0220918165822976,0.0535627372733689,"1974_d02"
"H9N2_HA_T_701_A",0.0503634481629963,0.0619560314448709,"1974_d02"
"H9N2_NP_C_326_T",0.201441443532011,0.211289726872153,"1974_d02"
"H9N2_NA_T_291_C",0.0124290694009228,0,"1974_d02"
"H9N2_NS_A_183_G",0.0258711584050206,0.0451792866156099,"1974_d02"
"H9N2_NS_A_241_G",0.0145820197462811,0,"1974_d02"
"H9N2_PB2_C_393_T",0.014298737535831,0.0217208075331597,"1975_d04"
"H9N2_PB2_C_639_A",0.0227093126491336,0.0481880938082133,"1975_d04"
"H9N2_PB2_A_2028_T",0.017052215550282,0,"1975_d04"
"H9N2_PB2_C_2103_A",0.0206220321980916,0,"1975_d04"
"H9N2_PB2_A_2214_C",0.0219206643794302,0.0313867600948975,"1975_d04"
"H9N2_PB1_A_888_G",0.0177988003070014,0,"1975_d04"
"H9N2_PB1_T_965_C",0.0164717085568678,0,"1975_d04"
"H9N2_PB1_C_1378_A",0.0148466476034594,0,"1975_d04"
"H9N2_PB1_A_1701_C",0.0289125595409851,0.0124746564288407,"1975_d04"
"H9N2_PB1_C_1882_A",0.186202206014576,0.264511387509871,"1975_d04"
"H9N2_PA_C_27_T",0.379601169827462,0.292354129654847,"1975_d04"
"H9N2_PA_G_585_A",0.0275400462735704,0.0778141337876233,"1975_d04"
"H9N2_PA_A_1478_C",0.0182757388018245,0,"1975_d04"
"H9N2_PA_G_1891_A",0.0220918165822976,0.0755856795384261,"1975_d04"
"H9N2_HA_T_701_A",0.0503634481629963,0.0153476521014286,"1975_d04"
"H9N2_NP_C_326_T",0.201441443532011,0.15371757778236,"1975_d04"
"H9N2_NA_T_291_C",0.0124290694009228,0,"1975_d04"
"H9N2_NS_A_183_G",0.0258711584050206,0.0291316654758777,"1975_d04"
"H9N2_NS_A_241_G",0.0145820197462811,0,"1975_d04"
"H9N2_PB2_C_393_T",0.014298737535831,0.0253751961245418,"1977_d02"
"H9N2_PB2_C_639_A",0.0227093126491336,0.0445452943474963,"1977_d02"
"H9N2_PB2_A_2028_T",0.017052215550282,0.0149210648040546,"1977_d02"
"H9N2_PB2_C_2103_A",0.0206220321980916,0.0170792081619313,"1977_d02"
"H9N2_PB2_A_2214_C",0.0219206643794302,0.0281118635588169,"1977_d02"
"H9N2_PB1_A_888_G",0.0177988003070014,0,"1977_d02"
"H9N2_PB1_T_965_C",0.0164717085568678,0,"1977_d02"
"H9N2_PB1_C_1378_A",0.0148466476034594,0,"1977_d02"
"H9N2_PB1_A_1701_C",0.0289125595409851,0.0194976403489777,"1977_d02"
"H9N2_PB1_C_1882_A",0.186202206014576,0.292779578200695,"1977_d02"
"H9N2_PA_C_27_T",0.379601169827462,0.353989265450387,"1977_d02"
"H9N2_PA_G_585_A",0.0275400462735704,0.0857707207920813,"1977_d02"
"H9N2_PA_A_1478_C",0.0182757388018245,0,"1977_d02"
"H9N2_PA_G_1891_A",0.0220918165822976,0.042094566664578,"1977_d02"
"H9N2_HA_T_701_A",0.0503634481629963,0.0476173407828544,"1977_d02"
"H9N2_NP_C_326_T",0.201441443532011,0.209055340658696,"1977_d02"
"H9N2_NA_T_291_C",0.0124290694009228,0,"1977_d02"
"H9N2_NS_A_183_G",0.0258711584050206,0.0396710079757769,"1977_d02"
"H9N2_NS_A_241_G",0.0145820197462811,0,"1977_d02"
"H9N2_PB2_C_393_T",0.014298737535831,0.0296752238618721,"1984_d02"
"H9N2_PB2_C_639_A",0.0227093126491336,0.0504780804492554,"1984_d02"
"H9N2_PB2_A_2028_T",0.017052215550282,0.0127001742594787,"1984_d02"
"H9N2_PB2_C_2103_A",0.0206220321980916,0.0164093716574681,"1984_d02"
"H9N2_PB2_A_2214_C",0.0219206643794302,0.0209569441391452,"1984_d02"
"H9N2_PB1_A_888_G",0.0177988003070014,0,"1984_d02"
"H9N2_PB1_T_965_C",0.0164717085568678,0,"1984_d02"
"H9N2_PB1_C_1378_A",0.0148466476034594,0.0151133383476306,"1984_d02"
"H9N2_PB1_A_1701_C",0.0289125595409851,0.0163672087338222,"1984_d02"
"H9N2_PB1_C_1882_A",0.186202206014576,0.264396944990415,"1984_d02"
"H9N2_PA_C_27_T",0.379601169827462,0.31699955888347,"1984_d02"
"H9N2_PA_G_585_A",0.0275400462735704,0.0624828838303824,"1984_d02"
"H9N2_PA_A_1478_C",0.0182757388018245,0,"1984_d02"
"H9N2_PA_G_1891_A",0.0220918165822976,0.0317709502399917,"1984_d02"
"H9N2_HA_T_701_A",0.0503634481629963,0.103434008408487,"1984_d02"
"H9N2_NP_C_326_T",0.201441443532011,0.197073500673094,"1984_d02"
"H9N2_NA_T_291_C",0.0124290694009228,0,"1984_d02"
"H9N2_NS_A_183_G",0.0258711584050206,0.0293422559889208,"1984_d02"
"H9N2_NS_A_241_G",0.0145820197462811,0,"1984_d02"
"H9N2_PB2_C_393_T",0.0126169759550825,0.0701616831200922,"2233_d04"
"H9N2_PB2_C_639_A",0.0240902225881835,0.0826320223428794,"2233_d04"
"H9N2_PB2_A_2028_T",0.0178378432613749,0,"2233_d04"
"H9N2_PB2_C_2103_A",0.0213730388328184,0,"2233_d04"
"H9N2_PB2_A_2214_C",0.0260943650182047,0.0362320191019743,"2233_d04"
"H9N2_PB1_A_888_G",0.0175718687437437,0,"2233_d04"
"H9N2_PB1_T_965_C",0.013953694642156,0,"2233_d04"
"H9N2_PB1_C_1378_A",0.0170451738291961,0,"2233_d04"
"H9N2_PB1_A_1701_C",0.0257051510168002,0.0230690088785581,"2233_d04"
"H9N2_PB1_C_1882_A",0.18444004464239,0.197325227472732,"2233_d04"
"H9N2_PA_C_27_T",0.383753203127306,0.304358547855278,"2233_d04"
"H9N2_PA_G_585_A",0.0271552489570244,0.122516898046459,"2233_d04"
"H9N2_PA_A_1478_C",0.0242713094659092,0,"2233_d04"
"H9N2_PA_G_1891_A",0.0224775204414642,0.0764990401755108,"2233_d04"
"H9N2_HA_T_701_A",0.0557608443631402,0,"2233_d04"
"H9N2_NP_C_326_T",0.19929066787476,0.175521952459011,"2233_d04"
"H9N2_NA_T_291_C",0.0145172007873832,0,"2233_d04"
"H9N2_NS_A_183_G",0.0257677935445939,0.0506621637259464,"2233_d04"
"H9N2_NS_A_241_G",0.0135765047332937,0,"2233_d04"
"H9N2_PB2_C_393_T",0.0126169759550825,0,"2234_d04"
"H9N2_PB2_C_639_A",0.0240902225881835,0,"2234_d04"
"H9N2_PB2_A_2028_T",0.0178378432613749,0.0344433727044468,"2234_d04"
"H9N2_PB2_C_2103_A",0.0213730388328184,0,"2234_d04"
"H9N2_PB2_A_2214_C",0.0260943650182047,0.0195087661624818,"2234_d04"
"H9N2_PB1_A_888_G",0.0175718687437437,0,"2234_d04"
"H9N2_PB1_T_965_C",0.013953694642156,0,"2234_d04"
"H9N2_PB1_C_1378_A",0.0170451738291961,0,"2234_d04"
"H9N2_PB1_A_1701_C",0.0257051510168002,0,"2234_d04"
"H9N2_PB1_C_1882_A",0.18444004464239,0.188582375478927,"2234_d04"
"H9N2_PA_C_27_T",0.383753203127306,0.448024001297985,"2234_d04"
"H9N2_PA_G_585_A",0.0271552489570244,0,"2234_d04"
"H9N2_PA_A_1478_C",0.0242713094659092,0,"2234_d04"
"H9N2_PA_G_1891_A",0.0224775204414642,0,"2234_d04"
"H9N2_HA_T_701_A",0.0557608443631402,0,"2234_d04"
"H9N2_NP_C_326_T",0.19929066787476,0.154205042551499,"2234_d04"
"H9N2_NA_T_291_C",0.0145172007873832,0,"2234_d04"
"H9N2_NS_A_183_G",0.0257677935445939,0.0381594836603586,"2234_d04"
"H9N2_NS_A_241_G",0.0135765047332937,0,"2234_d04"
"H9N2_PB2_C_393_T",0.0126169759550825,0.0618591029802752,"2240_d04"
"H9N2_PB2_C_639_A",0.0240902225881835,0.0445116331596934,"2240_d04"
"H9N2_PB2_A_2028_T",0.0178378432613749,0,"2240_d04"
"H9N2_PB2_C_2103_A",0.0213730388328184,0,"2240_d04"
"H9N2_PB2_A_2214_C",0.0260943650182047,0.0366336708695906,"2240_d04"
"H9N2_PB1_A_888_G",0.0175718687437437,0,"2240_d04"
"H9N2_PB1_T_965_C",0.013953694642156,0,"2240_d04"
"H9N2_PB1_C_1378_A",0.0170451738291961,0,"2240_d04"
"H9N2_PB1_A_1701_C",0.0257051510168002,0.0369638974296017,"2240_d04"
"H9N2_PB1_C_1882_A",0.18444004464239,0.34070159829296,"2240_d04"
"H9N2_PA_C_27_T",0.383753203127306,0.318717690957008,"2240_d04"
"H9N2_PA_G_585_A",0.0271552489570244,0.0520451260414642,"2240_d04"
"H9N2_PA_A_1478_C",0.0242713094659092,0,"2240_d04"
"H9N2_PA_G_1891_A",0.0224775204414642,0.0369788315659875,"2240_d04"
"H9N2_HA_T_701_A",0.0557608443631402,0,"2240_d04"
"H9N2_NP_C_326_T",0.19929066787476,0.190604235190924,"2240_d04"
"H9N2_NA_T_291_C",0.0145172007873832,0,"2240_d04"
"H9N2_NS_A_183_G",0.0257677935445939,0.0284214157823024,"2240_d04"
"H9N2_NS_A_241_G",0.0135765047332937,0.0167147303357741,"2240_d04"
"H9N2_PB2_C_393_T",0.0126169759550825,0.0317864301131365,"2251_d04"
"H9N2_PB2_C_639_A",0.0240902225881835,0.0775632075785305,"2251_d04"
"H9N2_PB2_A_2028_T",0.0178378432613749,0,"2251_d04"
"H9N2_PB2_C_2103_A",0.0213730388328184,0,"2251_d04"
"H9N2_PB2_A_2214_C",0.0260943650182047,0.0331316167834589,"2251_d04"
"H9N2_PB1_A_888_G",0.0175718687437437,0,"2251_d04"
"H9N2_PB1_T_965_C",0.013953694642156,0,"2251_d04"
"H9N2_PB1_C_1378_A",0.0170451738291961,0,"2251_d04"
"H9N2_PB1_A_1701_C",0.0257051510168002,0.0374899998594931,"2251_d04"
"H9N2_PB1_C_1882_A",0.18444004464239,0.319408379216093,"2251_d04"
"H9N2_PA_C_27_T",0.383753203127306,0.461718127776131,"2251_d04"
"H9N2_PA_G_585_A",0.0271552489570244,0.0969294539964918,"2251_d04"
"H9N2_PA_A_1478_C",0.0242713094659092,0,"2251_d04"
"H9N2_PA_G_1891_A",0.0224775204414642,0.103522056273977,"2251_d04"
"H9N2_HA_T_701_A",0.0557608443631402,0,"2251_d04"
"H9N2_NP_C_326_T",0.19929066787476,0.140289198047454,"2251_d04"
"H9N2_NA_T_291_C",0.0145172007873832,0,"2251_d04"
"H9N2_NS_A_183_G",0.0257677935445939,0.124102402466712,"2251_d04"
"H9N2_NS_A_241_G",0.0135765047332937,0,"2251_d04"
"H9N2_PB2_C_393_T",0.0126169759550825,0,"2253_d04"
"H9N2_PB2_C_639_A",0.0240902225881835,0.0834280642081394,"2253_d04"
"H9N2_PB2_A_2028_T",0.0178378432613749,0,"2253_d04"
"H9N2_PB2_C_2103_A",0.0213730388328184,0,"2253_d04"
"H9N2_PB2_A_2214_C",0.0260943650182047,0.0312728605308829,"2253_d04"
"H9N2_PB1_A_888_G",0.0175718687437437,0,"2253_d04"
"H9N2_PB1_T_965_C",0.013953694642156,0,"2253_d04"
"H9N2_PB1_C_1378_A",0.0170451738291961,0.0127764549855524,"2253_d04"
"H9N2_PB1_A_1701_C",0.0257051510168002,0.0758625060069142,"2253_d04"
"H9N2_PB1_C_1882_A",0.18444004464239,0.260845700195418,"2253_d04"
"H9N2_PA_C_27_T",0.383753203127306,0.311371976095195,"2253_d04"
"H9N2_PA_G_585_A",0.0271552489570244,0.0815164016168083,"2253_d04"
"H9N2_PA_A_1478_C",0.0242713094659092,0,"2253_d04"
"H9N2_PA_G_1891_A",0.0224775204414642,0.0278238846343939,"2253_d04"
"H9N2_HA_T_701_A",0.0557608443631402,0,"2253_d04"
"H9N2_NP_C_326_T",0.19929066787476,0.1599486003398,"2253_d04"
"H9N2_NA_T_291_C",0.0145172007873832,0,"2253_d04"
"H9N2_NS_A_183_G",0.0257677935445939,0.0624515734764417,"2253_d04"
"H9N2_NS_A_241_G",0.0135765047332937,0,"2253_d04"
"H9N2_PB2_C_393_T",0.0126169759550825,0.0988763396159378,"2254_d02"
"H9N2_PB2_C_639_A",0.0240902225881835,0.0277939651251595,"2254_d02"
"H9N2_PB2_A_2028_T",0.0178378432613749,0,"2254_d02"
"H9N2_PB2_C_2103_A",0.0213730388328184,0,"2254_d02"
"H9N2_PB2_A_2214_C",0.0260943650182047,0.0364952774722148,"2254_d02"
"H9N2_PB1_A_888_G",0.0175718687437437,0,"2254_d02"
"H9N2_PB1_T_965_C",0.013953694642156,0,"2254_d02"
"H9N2_PB1_C_1378_A",0.0170451738291961,0,"2254_d02"
"H9N2_PB1_A_1701_C",0.0257051510168002,0.0216184969288803,"2254_d02"
"H9N2_PB1_C_1882_A",0.18444004464239,0.355243067539029,"2254_d02"
"H9N2_PA_C_27_T",0.383753203127306,0,"2254_d02"
"H9N2_PA_G_585_A",0.0271552489570244,0.0615230324908679,"2254_d02"
"H9N2_PA_A_1478_C",0.0242713094659092,0,"2254_d02"
"H9N2_PA_G_1891_A",0.0224775204414642,0.0896870028159203,"2254_d02"
"H9N2_HA_T_701_A",0.0557608443631402,0,"2254_d02"
"H9N2_NP_C_326_T",0.19929066787476,0.146838953082869,"2254_d02"
"H9N2_NA_T_291_C",0.0145172007873832,0,"2254_d02"
"H9N2_NS_A_183_G",0.0257677935445939,0.0392751119195692,"2254_d02"
"H9N2_NS_A_241_G",0.0135765047332937,0,"2254_d02"
