var,minorfreq.x,minorfreq.y,sample,dynamics
H9N2_PB2_A_2028_T,0.038785582,0.013551771,1408_d02,kept
H9N2_PB2_C_2103_A,0.025808454,0.012751631,1408_d02,kept
H9N2_PB2_A_2214_C,0.014940271,0.029093925,1408_d02,kept
H9N2_PB1_A_1701_C,0.034260461,0.024958676,1408_d02,kept
H9N2_PB1_C_1882_A,0.197763843,0.16958721,1408_d02,kept
H9N2_PA_C_27_T,0.3533062,0.331992531,1408_d02,kept
H9N2_PA_A_239_G,0.017306405,0,1408_d02,lost
H9N2_HA_T_701_A,0.058987257,0,1408_d02,lost
H9N2_HA_G_1402_A,0.028634234,0,1408_d02,lost
H9N2_NP_C_326_T,0.19347362,0.192839416,1408_d02,kept
H9N2_NA_T_291_C,0.01335667,0.015165091,1408_d02,kept
H9N2_NS_A_183_G,0.02245115,0.016795908,1408_d02,kept
H9N2_NS_A_241_G,0.013696024,0.014747118,1408_d02,kept
H9N2_PB2_A_2028_T,0.038785582,0.022950732,1414_d04,kept
H9N2_PB2_C_2103_A,0.025808454,0,1414_d04,lost
H9N2_PB2_A_2214_C,0.014940271,0.035163774,1414_d04,kept
H9N2_PB1_A_1701_C,0.034260461,0,1414_d04,lost
H9N2_PB1_C_1882_A,0.197763843,0,1414_d04,lost
H9N2_PA_C_27_T,0.3533062,0.24491706,1414_d04,kept
H9N2_PA_A_239_G,0.017306405,0,1414_d04,lost
H9N2_HA_T_701_A,0.058987257,0,1414_d04,lost
H9N2_HA_G_1402_A,0.028634234,0,1414_d04,lost
H9N2_NP_C_326_T,0.19347362,0.184528057,1414_d04,kept
H9N2_NA_T_291_C,0.01335667,0,1414_d04,lost
H9N2_NS_A_183_G,0.02245115,0,1414_d04,lost
H9N2_NS_A_241_G,0.013696024,0,1414_d04,lost
H9N2_PB2_A_2028_T,0.038785582,0,1416_d02,lost
H9N2_PB2_C_2103_A,0.025808454,0.015844981,1416_d02,kept
H9N2_PB2_A_2214_C,0.014940271,0.034447874,1416_d02,kept
H9N2_PB1_A_1701_C,0.034260461,0.0103017,1416_d02,kept
H9N2_PB1_C_1882_A,0.197763843,0.191773968,1416_d02,kept
H9N2_PA_C_27_T,0.3533062,0.328899652,1416_d02,kept
H9N2_PA_A_239_G,0.017306405,0,1416_d02,lost
H9N2_HA_T_701_A,0.058987257,0,1416_d02,lost
H9N2_HA_G_1402_A,0.028634234,0,1416_d02,lost
H9N2_NP_C_326_T,0.19347362,0.127447552,1416_d02,kept
H9N2_NA_T_291_C,0.01335667,0,1416_d02,lost
H9N2_NS_A_183_G,0.02245115,0.013732117,1416_d02,kept
H9N2_NS_A_241_G,0.013696024,0.019394456,1416_d02,kept
H9N2_PB2_C_639_A,0.021658069,0,1789_d02,lost
H9N2_PB2_T_1232_A,0.01095149,0,1789_d02,lost
H9N2_PB2_A_1264_T,0.018467719,0,1789_d02,lost
H9N2_PB2_A_2028_T,0.02845862,0,1789_d02,lost
H9N2_PB2_C_2103_A,0.021900174,0,1789_d02,lost
H9N2_PB2_A_2214_C,0.021817545,0.034372768,1789_d02,kept
H9N2_PB1_A_888_G,0.020049803,0,1789_d02,lost
H9N2_PB1_T_965_C,0.017473937,0.019654698,1789_d02,kept
H9N2_PB1_A_1375_G,0.022853953,0,1789_d02,lost
H9N2_PB1_T_1376_C,0.023352145,0,1789_d02,lost
H9N2_PB1_C_1378_A,0.032305902,0,1789_d02,lost
H9N2_PB1_A_1701_C,0.026991436,0.020539695,1789_d02,kept
H9N2_PB1_C_1882_A,0.182099017,0.188045925,1789_d02,kept
H9N2_PA_C_27_T,0.374351166,0.368544702,1789_d02,kept
H9N2_PA_A_239_G,0.011826579,0,1789_d02,lost
H9N2_PA_G_585_A,0.023449237,0,1789_d02,lost
H9N2_PA_A_1478_C,0.034433621,0,1789_d02,lost
H9N2_PA_G_1891_A,0.015508948,0.014695154,1789_d02,kept
H9N2_HA_T_701_A,0.060876773,0,1789_d02,lost
H9N2_NP_C_326_T,0.195890265,0.152157701,1789_d02,kept
H9N2_NA_T_291_C,0.013513848,0.020428249,1789_d02,kept
H9N2_NS_A_183_G,0.024067208,0.034466228,1789_d02,kept
H9N2_NS_A_241_G,0.014145442,0.014803096,1789_d02,kept
H9N2_PB2_C_639_A,0.021658069,0,1800_d02,lost
H9N2_PB2_T_1232_A,0.01095149,0,1800_d02,lost
H9N2_PB2_A_1264_T,0.018467719,0,1800_d02,lost
H9N2_PB2_A_2028_T,0.02845862,0,1800_d02,lost
H9N2_PB2_C_2103_A,0.021900174,0,1800_d02,lost
H9N2_PB2_A_2214_C,0.021817545,0.034361557,1800_d02,kept
H9N2_PB1_A_888_G,0.020049803,0,1800_d02,lost
H9N2_PB1_T_965_C,0.017473937,0.019695592,1800_d02,kept
H9N2_PB1_A_1375_G,0.022853953,0,1800_d02,lost
H9N2_PB1_T_1376_C,0.023352145,0,1800_d02,lost
H9N2_PB1_C_1378_A,0.032305902,0,1800_d02,lost
H9N2_PB1_A_1701_C,0.026991436,0.026806949,1800_d02,kept
H9N2_PB1_C_1882_A,0.182099017,0.158874881,1800_d02,kept
H9N2_PA_C_27_T,0.374351166,0.375975452,1800_d02,kept
H9N2_PA_A_239_G,0.011826579,0,1800_d02,lost
H9N2_PA_G_585_A,0.023449237,0,1800_d02,lost
H9N2_PA_A_1478_C,0.034433621,0,1800_d02,lost
H9N2_PA_G_1891_A,0.015508948,0,1800_d02,lost
H9N2_HA_T_701_A,0.060876773,0,1800_d02,lost
H9N2_NP_C_326_T,0.195890265,0.148284153,1800_d02,kept
H9N2_NA_T_291_C,0.013513848,0.016208188,1800_d02,kept
H9N2_NS_A_183_G,0.024067208,0.02987905,1800_d02,kept
H9N2_NS_A_241_G,0.014145442,0.024512807,1800_d02,kept
H9N2_PB2_C_639_A,0.021658069,0,1801_d02,lost
H9N2_PB2_T_1232_A,0.01095149,0,1801_d02,lost
H9N2_PB2_A_1264_T,0.018467719,0,1801_d02,lost
H9N2_PB2_A_2028_T,0.02845862,0,1801_d02,lost
H9N2_PB2_C_2103_A,0.021900174,0,1801_d02,lost
H9N2_PB2_A_2214_C,0.021817545,0.034052634,1801_d02,kept
H9N2_PB1_A_888_G,0.020049803,0,1801_d02,lost
H9N2_PB1_T_965_C,0.017473937,0,1801_d02,lost
H9N2_PB1_A_1375_G,0.022853953,0,1801_d02,lost
H9N2_PB1_T_1376_C,0.023352145,0,1801_d02,lost
H9N2_PB1_C_1378_A,0.032305902,0,1801_d02,lost
H9N2_PB1_A_1701_C,0.026991436,0.028175407,1801_d02,kept
H9N2_PB1_C_1882_A,0.182099017,0.161226068,1801_d02,kept
H9N2_PA_C_27_T,0.374351166,0.332834837,1801_d02,kept
H9N2_PA_A_239_G,0.011826579,0,1801_d02,lost
H9N2_PA_G_585_A,0.023449237,0,1801_d02,lost
H9N2_PA_A_1478_C,0.034433621,0,1801_d02,lost
H9N2_PA_G_1891_A,0.015508948,0,1801_d02,lost
H9N2_HA_T_701_A,0.060876773,0,1801_d02,lost
H9N2_NP_C_326_T,0.195890265,0.164524677,1801_d02,kept
H9N2_NA_T_291_C,0.013513848,0,1801_d02,lost
H9N2_NS_A_183_G,0.024067208,0.045865402,1801_d02,kept
H9N2_NS_A_241_G,0.014145442,0.037062526,1801_d02,kept
H9N2_PB2_C_393_T,0.014298738,0.056324557,1910_d02,kept
H9N2_PB2_C_639_A,0.022709313,0,1910_d02,lost
H9N2_PB2_A_2028_T,0.017052216,0,1910_d02,lost
H9N2_PB2_C_2103_A,0.020622032,0,1910_d02,lost
H9N2_PB2_A_2214_C,0.021920664,0.047297635,1910_d02,kept
H9N2_PB1_A_888_G,0.0177988,0,1910_d02,lost
H9N2_PB1_T_965_C,0.016471709,0,1910_d02,lost
H9N2_PB1_C_1378_A,0.014846648,0,1910_d02,lost
H9N2_PB1_A_1701_C,0.02891256,0.03138999,1910_d02,kept
H9N2_PB1_C_1882_A,0.186202206,0.365391403,1910_d02,kept
H9N2_PA_C_27_T,0.37960117,0.279248303,1910_d02,kept
H9N2_PA_G_585_A,0.027540046,0.047895943,1910_d02,kept
H9N2_PA_A_1478_C,0.018275739,0,1910_d02,lost
H9N2_PA_G_1891_A,0.022091817,0.048800169,1910_d02,kept
H9N2_HA_T_701_A,0.050363448,0.096243899,1910_d02,kept
H9N2_NP_C_326_T,0.201441444,0.12241925,1910_d02,kept
H9N2_NA_T_291_C,0.012429069,0,1910_d02,lost
H9N2_NS_A_183_G,0.025871158,0.104701119,1910_d02,kept
H9N2_NS_A_241_G,0.01458202,0,1910_d02,lost
H9N2_PB2_C_393_T,0.014298738,0.030111289,1912_d02,kept
H9N2_PB2_C_639_A,0.022709313,0.054318445,1912_d02,kept
H9N2_PB2_A_2028_T,0.017052216,0.012695161,1912_d02,kept
H9N2_PB2_C_2103_A,0.020622032,0,1912_d02,lost
H9N2_PB2_A_2214_C,0.021920664,0.034608433,1912_d02,kept
H9N2_PB1_A_888_G,0.0177988,0,1912_d02,lost
H9N2_PB1_T_965_C,0.016471709,0,1912_d02,lost
H9N2_PB1_C_1378_A,0.014846648,0,1912_d02,lost
H9N2_PB1_A_1701_C,0.02891256,0.023517629,1912_d02,kept
H9N2_PB1_C_1882_A,0.186202206,0.256803529,1912_d02,kept
H9N2_PA_C_27_T,0.37960117,0.350989094,1912_d02,kept
H9N2_PA_G_585_A,0.027540046,0.091407136,1912_d02,kept
H9N2_PA_A_1478_C,0.018275739,0,1912_d02,lost
H9N2_PA_G_1891_A,0.022091817,0.051970353,1912_d02,kept
H9N2_HA_T_701_A,0.050363448,0.016736788,1912_d02,kept
H9N2_NP_C_326_T,0.201441444,0.204061761,1912_d02,kept
H9N2_NA_T_291_C,0.012429069,0,1912_d02,lost
H9N2_NS_A_183_G,0.025871158,0.046094013,1912_d02,kept
H9N2_NS_A_241_G,0.01458202,0,1912_d02,lost
H9N2_PB2_C_393_T,0.014298738,0.022955978,1968_d02,kept
H9N2_PB2_C_639_A,0.022709313,0.065364709,1968_d02,kept
H9N2_PB2_A_2028_T,0.017052216,0.013579189,1968_d02,kept
H9N2_PB2_C_2103_A,0.020622032,0.02057387,1968_d02,kept
H9N2_PB2_A_2214_C,0.021920664,0.018721181,1968_d02,kept
H9N2_PB1_A_888_G,0.0177988,0,1968_d02,lost
H9N2_PB1_T_965_C,0.016471709,0,1968_d02,lost
H9N2_PB1_C_1378_A,0.014846648,0,1968_d02,lost
H9N2_PB1_A_1701_C,0.02891256,0,1968_d02,lost
H9N2_PB1_C_1882_A,0.186202206,0.30448501,1968_d02,kept
H9N2_PA_C_27_T,0.37960117,0.34682977,1968_d02,kept
H9N2_PA_G_585_A,0.027540046,0.048684733,1968_d02,kept
H9N2_PA_A_1478_C,0.018275739,0,1968_d02,lost
H9N2_PA_G_1891_A,0.022091817,0.034573508,1968_d02,kept
H9N2_HA_T_701_A,0.050363448,0.202439145,1968_d02,kept
H9N2_NP_C_326_T,0.201441444,0.176670301,1968_d02,kept
H9N2_NA_T_291_C,0.012429069,0,1968_d02,lost
H9N2_NS_A_183_G,0.025871158,0.02384434,1968_d02,kept
H9N2_NS_A_241_G,0.01458202,0,1968_d02,lost
H9N2_PB2_C_393_T,0.014298738,0.023511054,1970_d02,kept
H9N2_PB2_C_639_A,0.022709313,0.047934138,1970_d02,kept
H9N2_PB2_A_2028_T,0.017052216,0.015362358,1970_d02,kept
H9N2_PB2_C_2103_A,0.020622032,0.016103663,1970_d02,kept
H9N2_PB2_A_2214_C,0.021920664,0.029133582,1970_d02,kept
H9N2_PB1_A_888_G,0.0177988,0,1970_d02,lost
H9N2_PB1_T_965_C,0.016471709,0,1970_d02,lost
H9N2_PB1_C_1378_A,0.014846648,0,1970_d02,lost
H9N2_PB1_A_1701_C,0.02891256,0.030998557,1970_d02,kept
H9N2_PB1_C_1882_A,0.186202206,0.234461987,1970_d02,kept
H9N2_PA_C_27_T,0.37960117,0.317745142,1970_d02,kept
H9N2_PA_G_585_A,0.027540046,0.085775756,1970_d02,kept
H9N2_PA_A_1478_C,0.018275739,0,1970_d02,lost
H9N2_PA_G_1891_A,0.022091817,0.028072158,1970_d02,kept
H9N2_HA_T_701_A,0.050363448,0.07154489,1970_d02,kept
H9N2_NP_C_326_T,0.201441444,0.174167776,1970_d02,kept
H9N2_NA_T_291_C,0.012429069,0,1970_d02,lost
H9N2_NS_A_183_G,0.025871158,0.035625596,1970_d02,kept
H9N2_NS_A_241_G,0.01458202,0,1970_d02,lost
H9N2_PB2_C_393_T,0.014298738,0,1972_d02,lost
H9N2_PB2_C_639_A,0.022709313,0,1972_d02,lost
H9N2_PB2_A_2028_T,0.017052216,0.039065657,1972_d02,kept
H9N2_PB2_C_2103_A,0.020622032,0.020052882,1972_d02,kept
H9N2_PB2_A_2214_C,0.021920664,0.021507618,1972_d02,kept
H9N2_PB1_A_888_G,0.0177988,0,1972_d02,lost
H9N2_PB1_T_965_C,0.016471709,0,1972_d02,lost
H9N2_PB1_C_1378_A,0.014846648,0,1972_d02,lost
H9N2_PB1_A_1701_C,0.02891256,0,1972_d02,lost
H9N2_PB1_C_1882_A,0.186202206,0.223620278,1972_d02,kept
H9N2_PA_C_27_T,0.37960117,0.267052258,1972_d02,kept
H9N2_PA_G_585_A,0.027540046,0,1972_d02,lost
H9N2_PA_A_1478_C,0.018275739,0,1972_d02,lost
H9N2_PA_G_1891_A,0.022091817,0,1972_d02,lost
H9N2_HA_T_701_A,0.050363448,0,1972_d02,lost
H9N2_NP_C_326_T,0.201441444,0,1972_d02,lost
H9N2_NA_T_291_C,0.012429069,0,1972_d02,lost
H9N2_NS_A_183_G,0.025871158,0.027463473,1972_d02,kept
H9N2_NS_A_241_G,0.01458202,0.014963716,1972_d02,kept
H9N2_PB2_C_393_T,0.014298738,0.019151376,1973_d02,kept
H9N2_PB2_C_639_A,0.022709313,0.031997653,1973_d02,kept
H9N2_PB2_A_2028_T,0.017052216,0.010628581,1973_d02,kept
H9N2_PB2_C_2103_A,0.020622032,0,1973_d02,lost
H9N2_PB2_A_2214_C,0.021920664,0.033314884,1973_d02,kept
H9N2_PB1_A_888_G,0.0177988,0,1973_d02,lost
H9N2_PB1_T_965_C,0.016471709,0,1973_d02,lost
H9N2_PB1_C_1378_A,0.014846648,0,1973_d02,lost
H9N2_PB1_A_1701_C,0.02891256,0.016786222,1973_d02,kept
H9N2_PB1_C_1882_A,0.186202206,0.317090587,1973_d02,kept
H9N2_PA_C_27_T,0.37960117,0.357863308,1973_d02,kept
H9N2_PA_G_585_A,0.027540046,0.057831859,1973_d02,kept
H9N2_PA_A_1478_C,0.018275739,0,1973_d02,lost
H9N2_PA_G_1891_A,0.022091817,0.036923102,1973_d02,kept
H9N2_HA_T_701_A,0.050363448,0.135865297,1973_d02,kept
H9N2_NP_C_326_T,0.201441444,0.255393211,1973_d02,kept
H9N2_NA_T_291_C,0.012429069,0,1973_d02,lost
H9N2_NS_A_183_G,0.025871158,0.031037972,1973_d02,kept
H9N2_NS_A_241_G,0.01458202,0,1973_d02,lost
H9N2_PB2_C_393_T,0.014298738,0.048399018,1974_d02,kept
H9N2_PB2_C_639_A,0.022709313,0.057569107,1974_d02,kept
H9N2_PB2_A_2028_T,0.017052216,0,1974_d02,lost
H9N2_PB2_C_2103_A,0.020622032,0,1974_d02,lost
H9N2_PB2_A_2214_C,0.021920664,0.037120233,1974_d02,kept
H9N2_PB1_A_888_G,0.0177988,0,1974_d02,lost
H9N2_PB1_T_965_C,0.016471709,0,1974_d02,lost
H9N2_PB1_C_1378_A,0.014846648,0,1974_d02,lost
H9N2_PB1_A_1701_C,0.02891256,0.015707745,1974_d02,kept
H9N2_PB1_C_1882_A,0.186202206,0.2981604,1974_d02,kept
H9N2_PA_C_27_T,0.37960117,0.344961488,1974_d02,kept
H9N2_PA_G_585_A,0.027540046,0.076596239,1974_d02,kept
H9N2_PA_A_1478_C,0.018275739,0,1974_d02,lost
H9N2_PA_G_1891_A,0.022091817,0.053562737,1974_d02,kept
H9N2_HA_T_701_A,0.050363448,0.061956031,1974_d02,kept
H9N2_NP_C_326_T,0.201441444,0.211289727,1974_d02,kept
H9N2_NA_T_291_C,0.012429069,0,1974_d02,lost
H9N2_NS_A_183_G,0.025871158,0.045179287,1974_d02,kept
H9N2_NS_A_241_G,0.01458202,0,1974_d02,lost
H9N2_PB2_C_393_T,0.014298738,0.021720808,1975_d04,kept
H9N2_PB2_C_639_A,0.022709313,0.048188094,1975_d04,kept
H9N2_PB2_A_2028_T,0.017052216,0,1975_d04,lost
H9N2_PB2_C_2103_A,0.020622032,0,1975_d04,lost
H9N2_PB2_A_2214_C,0.021920664,0.03138676,1975_d04,kept
H9N2_PB1_A_888_G,0.0177988,0,1975_d04,lost
H9N2_PB1_T_965_C,0.016471709,0,1975_d04,lost
H9N2_PB1_C_1378_A,0.014846648,0,1975_d04,lost
H9N2_PB1_A_1701_C,0.02891256,0.012474656,1975_d04,kept
H9N2_PB1_C_1882_A,0.186202206,0.264511388,1975_d04,kept
H9N2_PA_C_27_T,0.37960117,0.29235413,1975_d04,kept
H9N2_PA_G_585_A,0.027540046,0.077814134,1975_d04,kept
H9N2_PA_A_1478_C,0.018275739,0,1975_d04,lost
H9N2_PA_G_1891_A,0.022091817,0.07558568,1975_d04,kept
H9N2_HA_T_701_A,0.050363448,0.015347652,1975_d04,kept
H9N2_NP_C_326_T,0.201441444,0.153717578,1975_d04,kept
H9N2_NA_T_291_C,0.012429069,0,1975_d04,lost
H9N2_NS_A_183_G,0.025871158,0.029131665,1975_d04,kept
H9N2_NS_A_241_G,0.01458202,0,1975_d04,lost
H9N2_PB2_C_393_T,0.014298738,0.025375196,1977_d02,kept
H9N2_PB2_C_639_A,0.022709313,0.044545294,1977_d02,kept
H9N2_PB2_A_2028_T,0.017052216,0.014921065,1977_d02,kept
H9N2_PB2_C_2103_A,0.020622032,0.017079208,1977_d02,kept
H9N2_PB2_A_2214_C,0.021920664,0.028111864,1977_d02,kept
H9N2_PB1_A_888_G,0.0177988,0,1977_d02,lost
H9N2_PB1_T_965_C,0.016471709,0,1977_d02,lost
H9N2_PB1_C_1378_A,0.014846648,0,1977_d02,lost
H9N2_PB1_A_1701_C,0.02891256,0.01949764,1977_d02,kept
H9N2_PB1_C_1882_A,0.186202206,0.292779578,1977_d02,kept
H9N2_PA_C_27_T,0.37960117,0.353989265,1977_d02,kept
H9N2_PA_G_585_A,0.027540046,0.085770721,1977_d02,kept
H9N2_PA_A_1478_C,0.018275739,0,1977_d02,lost
H9N2_PA_G_1891_A,0.022091817,0.042094567,1977_d02,kept
H9N2_HA_T_701_A,0.050363448,0.047617341,1977_d02,kept
H9N2_NP_C_326_T,0.201441444,0.209055341,1977_d02,kept
H9N2_NA_T_291_C,0.012429069,0,1977_d02,lost
H9N2_NS_A_183_G,0.025871158,0.039671008,1977_d02,kept
H9N2_NS_A_241_G,0.01458202,0,1977_d02,lost
H9N2_PB2_C_393_T,0.014298738,0.029675224,1984_d02,kept
H9N2_PB2_C_639_A,0.022709313,0.05047808,1984_d02,kept
H9N2_PB2_A_2028_T,0.017052216,0.012700174,1984_d02,kept
H9N2_PB2_C_2103_A,0.020622032,0.016409372,1984_d02,kept
H9N2_PB2_A_2214_C,0.021920664,0.020956944,1984_d02,kept
H9N2_PB1_A_888_G,0.0177988,0,1984_d02,lost
H9N2_PB1_T_965_C,0.016471709,0,1984_d02,lost
H9N2_PB1_C_1378_A,0.014846648,0.015113338,1984_d02,kept
H9N2_PB1_A_1701_C,0.02891256,0.016367209,1984_d02,kept
H9N2_PB1_C_1882_A,0.186202206,0.264396945,1984_d02,kept
H9N2_PA_C_27_T,0.37960117,0.316999559,1984_d02,kept
H9N2_PA_G_585_A,0.027540046,0.062482884,1984_d02,kept
H9N2_PA_A_1478_C,0.018275739,0,1984_d02,lost
H9N2_PA_G_1891_A,0.022091817,0.03177095,1984_d02,kept
H9N2_HA_T_701_A,0.050363448,0.103434008,1984_d02,kept
H9N2_NP_C_326_T,0.201441444,0.197073501,1984_d02,kept
H9N2_NA_T_291_C,0.012429069,0,1984_d02,lost
H9N2_NS_A_183_G,0.025871158,0.029342256,1984_d02,kept
H9N2_NS_A_241_G,0.01458202,0,1984_d02,lost
H9N2_PB2_C_393_T,0.012616976,0.070161683,2233_d04,kept
H9N2_PB2_C_639_A,0.024090223,0.082632022,2233_d04,kept
H9N2_PB2_A_2028_T,0.017837843,0,2233_d04,lost
H9N2_PB2_C_2103_A,0.021373039,0,2233_d04,lost
H9N2_PB2_A_2214_C,0.026094365,0.036232019,2233_d04,kept
H9N2_PB1_A_888_G,0.017571869,0,2233_d04,lost
H9N2_PB1_T_965_C,0.013953695,0,2233_d04,lost
H9N2_PB1_C_1378_A,0.017045174,0,2233_d04,lost
H9N2_PB1_A_1701_C,0.025705151,0.023069009,2233_d04,kept
H9N2_PB1_C_1882_A,0.184440045,0.197325227,2233_d04,kept
H9N2_PA_C_27_T,0.383753203,0.304358548,2233_d04,kept
H9N2_PA_G_585_A,0.027155249,0.122516898,2233_d04,kept
H9N2_PA_A_1478_C,0.024271309,0,2233_d04,lost
H9N2_PA_G_1891_A,0.02247752,0.07649904,2233_d04,kept
H9N2_HA_T_701_A,0.055760844,0,2233_d04,lost
H9N2_NP_C_326_T,0.199290668,0.175521952,2233_d04,kept
H9N2_NA_T_291_C,0.014517201,0,2233_d04,lost
H9N2_NS_A_183_G,0.025767794,0.050662164,2233_d04,kept
H9N2_NS_A_241_G,0.013576505,0,2233_d04,lost
H9N2_PB2_C_393_T,0.012616976,0,2234_d04,lost
H9N2_PB2_C_639_A,0.024090223,0,2234_d04,lost
H9N2_PB2_A_2028_T,0.017837843,0.034443373,2234_d04,kept
H9N2_PB2_C_2103_A,0.021373039,0,2234_d04,lost
H9N2_PB2_A_2214_C,0.026094365,0.019508766,2234_d04,kept
H9N2_PB1_A_888_G,0.017571869,0,2234_d04,lost
H9N2_PB1_T_965_C,0.013953695,0,2234_d04,lost
H9N2_PB1_C_1378_A,0.017045174,0,2234_d04,lost
H9N2_PB1_A_1701_C,0.025705151,0,2234_d04,lost
H9N2_PB1_C_1882_A,0.184440045,0.188582375,2234_d04,kept
H9N2_PA_C_27_T,0.383753203,0.448024001,2234_d04,kept
H9N2_PA_G_585_A,0.027155249,0,2234_d04,lost
H9N2_PA_A_1478_C,0.024271309,0,2234_d04,lost
H9N2_PA_G_1891_A,0.02247752,0,2234_d04,lost
H9N2_HA_T_701_A,0.055760844,0,2234_d04,lost
H9N2_NP_C_326_T,0.199290668,0.154205043,2234_d04,kept
H9N2_NA_T_291_C,0.014517201,0,2234_d04,lost
H9N2_NS_A_183_G,0.025767794,0.038159484,2234_d04,kept
H9N2_NS_A_241_G,0.013576505,0,2234_d04,lost
H9N2_PB2_C_393_T,0.012616976,0.061859103,2240_d04,kept
H9N2_PB2_C_639_A,0.024090223,0.044511633,2240_d04,kept
H9N2_PB2_A_2028_T,0.017837843,0,2240_d04,lost
H9N2_PB2_C_2103_A,0.021373039,0,2240_d04,lost
H9N2_PB2_A_2214_C,0.026094365,0.036633671,2240_d04,kept
H9N2_PB1_A_888_G,0.017571869,0,2240_d04,lost
H9N2_PB1_T_965_C,0.013953695,0,2240_d04,lost
H9N2_PB1_C_1378_A,0.017045174,0,2240_d04,lost
H9N2_PB1_A_1701_C,0.025705151,0.036963897,2240_d04,kept
H9N2_PB1_C_1882_A,0.184440045,0.340701598,2240_d04,kept
H9N2_PA_C_27_T,0.383753203,0.318717691,2240_d04,kept
H9N2_PA_G_585_A,0.027155249,0.052045126,2240_d04,kept
H9N2_PA_A_1478_C,0.024271309,0,2240_d04,lost
H9N2_PA_G_1891_A,0.02247752,0.036978832,2240_d04,kept
H9N2_HA_T_701_A,0.055760844,0,2240_d04,lost
H9N2_NP_C_326_T,0.199290668,0.190604235,2240_d04,kept
H9N2_NA_T_291_C,0.014517201,0,2240_d04,lost
H9N2_NS_A_183_G,0.025767794,0.028421416,2240_d04,kept
H9N2_NS_A_241_G,0.013576505,0.01671473,2240_d04,kept
H9N2_PB2_C_393_T,0.012616976,0.03178643,2251_d04,kept
H9N2_PB2_C_639_A,0.024090223,0.077563208,2251_d04,kept
H9N2_PB2_A_2028_T,0.017837843,0,2251_d04,lost
H9N2_PB2_C_2103_A,0.021373039,0,2251_d04,lost
H9N2_PB2_A_2214_C,0.026094365,0.033131617,2251_d04,kept
H9N2_PB1_A_888_G,0.017571869,0,2251_d04,lost
H9N2_PB1_T_965_C,0.013953695,0,2251_d04,lost
H9N2_PB1_C_1378_A,0.017045174,0,2251_d04,lost
H9N2_PB1_A_1701_C,0.025705151,0.03749,2251_d04,kept
H9N2_PB1_C_1882_A,0.184440045,0.319408379,2251_d04,kept
H9N2_PA_C_27_T,0.383753203,0.461718128,2251_d04,kept
H9N2_PA_G_585_A,0.027155249,0.096929454,2251_d04,kept
H9N2_PA_A_1478_C,0.024271309,0,2251_d04,lost
H9N2_PA_G_1891_A,0.02247752,0.103522056,2251_d04,kept
H9N2_HA_T_701_A,0.055760844,0,2251_d04,lost
H9N2_NP_C_326_T,0.199290668,0.140289198,2251_d04,kept
H9N2_NA_T_291_C,0.014517201,0,2251_d04,lost
H9N2_NS_A_183_G,0.025767794,0.124102402,2251_d04,kept
H9N2_NS_A_241_G,0.013576505,0,2251_d04,lost
H9N2_PB2_C_393_T,0.012616976,0,2253_d04,lost
H9N2_PB2_C_639_A,0.024090223,0.083428064,2253_d04,kept
H9N2_PB2_A_2028_T,0.017837843,0,2253_d04,lost
H9N2_PB2_C_2103_A,0.021373039,0,2253_d04,lost
H9N2_PB2_A_2214_C,0.026094365,0.031272861,2253_d04,kept
H9N2_PB1_A_888_G,0.017571869,0,2253_d04,lost
H9N2_PB1_T_965_C,0.013953695,0,2253_d04,lost
H9N2_PB1_C_1378_A,0.017045174,0.012776455,2253_d04,kept
H9N2_PB1_A_1701_C,0.025705151,0.075862506,2253_d04,kept
H9N2_PB1_C_1882_A,0.184440045,0.2608457,2253_d04,kept
H9N2_PA_C_27_T,0.383753203,0.311371976,2253_d04,kept
H9N2_PA_G_585_A,0.027155249,0.081516402,2253_d04,kept
H9N2_PA_A_1478_C,0.024271309,0,2253_d04,lost
H9N2_PA_G_1891_A,0.02247752,0.027823885,2253_d04,kept
H9N2_HA_T_701_A,0.055760844,0,2253_d04,lost
H9N2_NP_C_326_T,0.199290668,0.1599486,2253_d04,kept
H9N2_NA_T_291_C,0.014517201,0,2253_d04,lost
H9N2_NS_A_183_G,0.025767794,0.062451573,2253_d04,kept
H9N2_NS_A_241_G,0.013576505,0,2253_d04,lost
H9N2_PB2_C_393_T,0.012616976,0.09887634,2254_d02,kept
H9N2_PB2_C_639_A,0.024090223,0.027793965,2254_d02,kept
H9N2_PB2_A_2028_T,0.017837843,0,2254_d02,lost
H9N2_PB2_C_2103_A,0.021373039,0,2254_d02,lost
H9N2_PB2_A_2214_C,0.026094365,0.036495277,2254_d02,kept
H9N2_PB1_A_888_G,0.017571869,0,2254_d02,lost
H9N2_PB1_T_965_C,0.013953695,0,2254_d02,lost
H9N2_PB1_C_1378_A,0.017045174,0,2254_d02,lost
H9N2_PB1_A_1701_C,0.025705151,0.021618497,2254_d02,kept
H9N2_PB1_C_1882_A,0.184440045,0.355243068,2254_d02,kept
H9N2_PA_C_27_T,0.383753203,0,2254_d02,lost
H9N2_PA_G_585_A,0.027155249,0.061523032,2254_d02,kept
H9N2_PA_A_1478_C,0.024271309,0,2254_d02,lost
H9N2_PA_G_1891_A,0.02247752,0.089687003,2254_d02,kept
H9N2_HA_T_701_A,0.055760844,0,2254_d02,lost
H9N2_NP_C_326_T,0.199290668,0.146838953,2254_d02,kept
H9N2_NA_T_291_C,0.014517201,0,2254_d02,lost
H9N2_NS_A_183_G,0.025767794,0.039275112,2254_d02,kept
H9N2_NS_A_241_G,0.013576505,0,2254_d02,lost