Cohort,ferretID,DPI,Sample,Virus,Titer
F17,1787,d02,1787_d02,A/Hong Kong/1073/1999 (H9N2),3162277.66
F17,1787,d04,1787_d04,A/Hong Kong/1073/1999 (H9N2),562341.33
F17,1787,d06,1787_d06,A/Hong Kong/1073/1999 (H9N2),31622.78
F17,1787,d08,1787_d08,A/Hong Kong/1073/1999 (H9N2),316.23
F17,1787,d10,1787_d10,A/Hong Kong/1073/1999 (H9N2),10
F17,1787,d12,1787_d12,A/Hong Kong/1073/1999 (H9N2),10
F17,1787,d14,1787_d14,A/Hong Kong/1073/1999 (H9N2),10
F17,1789,d02,1789_d02,A/Hong Kong/1073/1999 (H9N2),1778279.41
F17,1789,d04,1789_d04,A/Hong Kong/1073/1999 (H9N2),3162277.66
F17,1789,d06,1789_d06,A/Hong Kong/1073/1999 (H9N2),56234.13
F17,1789,d08,1789_d08,A/Hong Kong/1073/1999 (H9N2),562.34
F17,1789,d10,1789_d10,A/Hong Kong/1073/1999 (H9N2),10
F17,1789,d12,1789_d12,A/Hong Kong/1073/1999 (H9N2),10
F17,1789,d14,1789_d14,A/Hong Kong/1073/1999 (H9N2),10
F17,1793,d02,1793_d02,A/Hong Kong/1073/1999 (H9N2),3162.28
F17,1793,d04,1793_d04,A/Hong Kong/1073/1999 (H9N2),100000
F17,1793,d06,1793_d06,A/Hong Kong/1073/1999 (H9N2),31622.78
F17,1793,d08,1793_d08,A/Hong Kong/1073/1999 (H9N2),3162.28
F17,1793,d10,1793_d10,A/Hong Kong/1073/1999 (H9N2),316.23
F17,1793,d12,1793_d12,A/Hong Kong/1073/1999 (H9N2),10
F17,1793,d14,1793_d14,A/Hong Kong/1073/1999 (H9N2),10
F17,1794,d02,1794_d02,A/Hong Kong/1073/1999 (H9N2),31622.78
F17,1794,d04,1794_d04,A/Hong Kong/1073/1999 (H9N2),31622.78
F17,1794,d06,1794_d06,A/Hong Kong/1073/1999 (H9N2),316227.77
F17,1794,d08,1794_d08,A/Hong Kong/1073/1999 (H9N2),31622.78
F17,1794,d10,1794_d10,A/Hong Kong/1073/1999 (H9N2),316.23
F17,1794,d12,1794_d12,A/Hong Kong/1073/1999 (H9N2),10
F17,1794,d14,1794_d14,A/Hong Kong/1073/1999 (H9N2),10
F17,1795,d02,1795_d02,A/Hong Kong/1073/1999 (H9N2),10
F17,1795,d04,1795_d04,A/Hong Kong/1073/1999 (H9N2),5623.41
F17,1795,d06,1795_d06,A/Hong Kong/1073/1999 (H9N2),100000
F17,1795,d08,1795_d08,A/Hong Kong/1073/1999 (H9N2),17782.79
F17,1795,d10,1795_d10,A/Hong Kong/1073/1999 (H9N2),1778.28
F17,1795,d12,1795_d12,A/Hong Kong/1073/1999 (H9N2),10
F17,1795,d14,1795_d14,A/Hong Kong/1073/1999 (H9N2),10
F17,1796,d02,1796_d02,A/Hong Kong/1073/1999 (H9N2),10
F17,1796,d04,1796_d04,A/Hong Kong/1073/1999 (H9N2),10
F17,1796,d06,1796_d06,A/Hong Kong/1073/1999 (H9N2),31622.78
F17,1796,d08,1796_d08,A/Hong Kong/1073/1999 (H9N2),316227.77
F17,1796,d10,1796_d10,A/Hong Kong/1073/1999 (H9N2),3162.28
F17,1796,d12,1796_d12,A/Hong Kong/1073/1999 (H9N2),10
F17,1796,d14,1796_d14,A/Hong Kong/1073/1999 (H9N2),10
F17,1797,d02,1797_d02,A/Hong Kong/1073/1999 (H9N2),10
F17,1797,d04,1797_d04,A/Hong Kong/1073/1999 (H9N2),10
F17,1797,d06,1797_d06,A/Hong Kong/1073/1999 (H9N2),10
F17,1797,d08,1797_d08,A/Hong Kong/1073/1999 (H9N2),10
F17,1797,d10,1797_d10,A/Hong Kong/1073/1999 (H9N2),10
F17,1797,d12,1797_d12,A/Hong Kong/1073/1999 (H9N2),10
F17,1797,d14,1797_d14,A/Hong Kong/1073/1999 (H9N2),10
F17,1800,d02,1800_d02,A/Hong Kong/1073/1999 (H9N2),316227.77
F17,1800,d04,1800_d04,A/Hong Kong/1073/1999 (H9N2),56234.13
F17,1800,d06,1800_d06,A/Hong Kong/1073/1999 (H9N2),3162.28
F17,1800,d08,1800_d08,A/Hong Kong/1073/1999 (H9N2),10
F17,1800,d10,1800_d10,A/Hong Kong/1073/1999 (H9N2),10
F17,1800,d12,1800_d12,A/Hong Kong/1073/1999 (H9N2),10
F17,1800,d14,1800_d14,A/Hong Kong/1073/1999 (H9N2),10
F17,1801,d02,1801_d02,A/Hong Kong/1073/1999 (H9N2),316227.77
F17,1801,d04,1801_d04,A/Hong Kong/1073/1999 (H9N2),1778279.41
F17,1801,d06,1801_d06,A/Hong Kong/1073/1999 (H9N2),5623.41
F17,1801,d08,1801_d08,A/Hong Kong/1073/1999 (H9N2),10
F17,1801,d10,1801_d10,A/Hong Kong/1073/1999 (H9N2),10
F17,1801,d12,1801_d12,A/Hong Kong/1073/1999 (H9N2),10
F17,1801,d14,1801_d14,A/Hong Kong/1073/1999 (H9N2),10
F17,1802,d02,1802_d02,A/Hong Kong/1073/1999 (H9N2),10
F17,1802,d04,1802_d04,A/Hong Kong/1073/1999 (H9N2),10
F17,1802,d06,1802_d06,A/Hong Kong/1073/1999 (H9N2),10
F17,1802,d08,1802_d08,A/Hong Kong/1073/1999 (H9N2),10
F17,1802,d10,1802_d10,A/Hong Kong/1073/1999 (H9N2),10
F17,1802,d12,1802_d12,A/Hong Kong/1073/1999 (H9N2),10
F17,1802,d14,1802_d14,A/Hong Kong/1073/1999 (H9N2),10
F17,1803,d02,1803_d02,A/Hong Kong/1073/1999 (H9N2),10
F17,1803,d04,1803_d04,A/Hong Kong/1073/1999 (H9N2),316.23
F17,1803,d06,1803_d06,A/Hong Kong/1073/1999 (H9N2),316227.77
F17,1803,d08,1803_d08,A/Hong Kong/1073/1999 (H9N2),3162.28
F17,1803,d10,1803_d10,A/Hong Kong/1073/1999 (H9N2),10
F17,1803,d12,1803_d12,A/Hong Kong/1073/1999 (H9N2),10
F17,1803,d14,1803_d14,A/Hong Kong/1073/1999 (H9N2),10
F17,1805,d02,1805_d02,A/Hong Kong/1073/1999 (H9N2),10
F17,1805,d04,1805_d04,A/Hong Kong/1073/1999 (H9N2),10
F17,1805,d06,1805_d06,A/Hong Kong/1073/1999 (H9N2),10
F17,1805,d08,1805_d08,A/Hong Kong/1073/1999 (H9N2),10
F17,1805,d10,1805_d10,A/Hong Kong/1073/1999 (H9N2),10
F17,1805,d12,1805_d12,A/Hong Kong/1073/1999 (H9N2),10
F17,1805,d14,1805_d14,A/Hong Kong/1073/1999 (H9N2),10
Sp19,2233,d00,2233_d00,A/Hong Kong/1073/1999 (H9N2),10
Sp19,2233,d02,2233_d02,A/Hong Kong/1073/1999 (H9N2),1.78E+07
Sp19,2233,d04,2233_d04,A/Hong Kong/1073/1999 (H9N2),5.62E+04
Sp19,2233,d06,2233_d06,A/Hong Kong/1073/1999 (H9N2),5.62E+04
Sp19,2233,d08,2233_d08,A/Hong Kong/1073/1999 (H9N2),0.00E+00
Sp19,2233,d10,2233_d10,A/Hong Kong/1073/1999 (H9N2),0.00E+00
Sp19,2233,d12,2233_d12,A/Hong Kong/1073/1999 (H9N2),0.00E+00
Sp19,2233,d14,2233_d14,A/Hong Kong/1073/1999 (H9N2),10
Sp19,2232,d00,2232_d00,A/Hong Kong/1073/1999 (H9N2),10
Sp19,2232,d02,2232_d02,A/Hong Kong/1073/1999 (H9N2),10
Sp19,2232,d04,2232_d04,A/Hong Kong/1073/1999 (H9N2),3.16E+06
Sp19,2232,d06,2232_d06,A/Hong Kong/1073/1999 (H9N2),5.62E+05
Sp19,2232,d08,2232_d08,A/Hong Kong/1073/1999 (H9N2),5.62E+05
Sp19,2232,d10,2232_d10,A/Hong Kong/1073/1999 (H9N2),10
Sp19,2232,d12,2232_d12,A/Hong Kong/1073/1999 (H9N2),10
Sp19,2232,d14,2232_d14,A/Hong Kong/1073/1999 (H9N2),0.00E+00
Sp19,2234,d00,2234_d00,A/Hong Kong/1073/1999 (H9N2),3.16E+06
Sp19,2234,d02,2234_d02,A/Hong Kong/1073/1999 (H9N2),5.62E+04
Sp19,2234,d04,2234_d04,A/Hong Kong/1073/1999 (H9N2),5.62E+05
Sp19,2234,d06,2234_d06,A/Hong Kong/1073/1999 (H9N2),5.62E+04
Sp19,2234,d08,2234_d08,A/Hong Kong/1073/1999 (H9N2),0.00E+00
Sp19,2234,d10,2234_d10,A/Hong Kong/1073/1999 (H9N2),10
Sp19,2234,d12,2234_d12,A/Hong Kong/1073/1999 (H9N2),0
Sp19,2234,d14,2234_d14,A/Hong Kong/1073/1999 (H9N2),0.00E+00
Sp19,2235,d00,2235_d00,A/Hong Kong/1073/1999 (H9N2),10
Sp19,2235,d02,2235_d02,A/Hong Kong/1073/1999 (H9N2),10
Sp19,2235,d04,2235_d04,A/Hong Kong/1073/1999 (H9N2),10
Sp19,2235,d06,2235_d06,A/Hong Kong/1073/1999 (H9N2),10
Sp19,2235,d08,2235_d08,A/Hong Kong/1073/1999 (H9N2),1.78E+02
Sp19,2235,d10,2235_d10,A/Hong Kong/1073/1999 (H9N2),10
Sp19,2235,d12,2235_d12,A/Hong Kong/1073/1999 (H9N2),10
Sp19,2235,d14,2235_d14,A/Hong Kong/1073/1999 (H9N2),10
Sp19,2240,d00,2240_d00,A/Hong Kong/1073/1999 (H9N2),10
Sp19,2240,d02,2240_d02,A/Hong Kong/1073/1999 (H9N2),3.16E+06
Sp19,2240,d04,2240_d04,A/Hong Kong/1073/1999 (H9N2),3.16E+05
Sp19,2240,d06,2240_d06,A/Hong Kong/1073/1999 (H9N2),5.62E+04
Sp19,2240,d08,2240_d08,A/Hong Kong/1073/1999 (H9N2),0.00E+00
Sp19,2240,d10,2240_d10,A/Hong Kong/1073/1999 (H9N2),0.00E+00
Sp19,2240,d12,2240_d12,A/Hong Kong/1073/1999 (H9N2),0.00E+00
Sp19,2240,d14,2240_d14,A/Hong Kong/1073/1999 (H9N2),0.00E+00
Sp19,2239,d00,2239_d00,A/Hong Kong/1073/1999 (H9N2),0.00E+00
Sp19,2239,d02,2239_d02,A/Hong Kong/1073/1999 (H9N2),0.00E+00
Sp19,2239,d04,2239_d04,A/Hong Kong/1073/1999 (H9N2),5.62E+02
Sp19,2239,d06,2239_d06,A/Hong Kong/1073/1999 (H9N2),1.78E+06
Sp19,2239,d08,2239_d08,A/Hong Kong/1073/1999 (H9N2),5.62E+05
Sp19,2239,d10,2239_d10,A/Hong Kong/1073/1999 (H9N2),3.16E+02
Sp19,2239,d12,2239_d12,A/Hong Kong/1073/1999 (H9N2),0.00E+00
Sp19,2239,d14,2239_d14,A/Hong Kong/1073/1999 (H9N2),0.00E+00
Sp19,2251,d00,2251_d00,A/Hong Kong/1073/1999 (H9N2),1.00E+01
Sp19,2251,d02,2251_d02,A/Hong Kong/1073/1999 (H9N2),3.16E+07
Sp19,2251,d04,2251_d04,A/Hong Kong/1073/1999 (H9N2),1.78E+05
Sp19,2251,d06,2251_d06,A/Hong Kong/1073/1999 (H9N2),5.62E+04
Sp19,2251,d08,2251_d08,A/Hong Kong/1073/1999 (H9N2),1.00E+01
Sp19,2251,d10,2251_d10,A/Hong Kong/1073/1999 (H9N2),1.00E+01
Sp19,2251,d12,2251_d12,A/Hong Kong/1073/1999 (H9N2),1.00E+01
Sp19,2251,d14,2251_d14,A/Hong Kong/1073/1999 (H9N2),1.00E+01
Sp19,2253,d00,2253_d00,A/Hong Kong/1073/1999 (H9N2),1.00E+01
Sp19,2253,d02,2253_d02,A/Hong Kong/1073/1999 (H9N2),3.16E+07
Sp19,2253,d04,2253_d04,A/Hong Kong/1073/1999 (H9N2),1.78E+05
Sp19,2253,d06,2253_d06,A/Hong Kong/1073/1999 (H9N2),5.62E+05
Sp19,2253,d08,2253_d08,A/Hong Kong/1073/1999 (H9N2),1.00E+01
Sp19,2253,d10,2253_d10,A/Hong Kong/1073/1999 (H9N2),1.00E+01
Sp19,2253,d12,2253_d12,A/Hong Kong/1073/1999 (H9N2),1.00E+01
Sp19,2253,d14,2253_d14,A/Hong Kong/1073/1999 (H9N2),1.00E+01
Sp19,2254,d00,2254_d00,A/Hong Kong/1073/1999 (H9N2),1.00E+01
Sp19,2254,d02,2254_d02,A/Hong Kong/1073/1999 (H9N2),1.00E+07
Sp19,2254,d04,2254_d04,A/Hong Kong/1073/1999 (H9N2),3.16E+06
Sp19,2254,d06,2254_d06,A/Hong Kong/1073/1999 (H9N2),3.16E+06
Sp19,2254,d08,2254_d08,A/Hong Kong/1073/1999 (H9N2),1.78E+02
Sp19,2254,d10,2254_d10,A/Hong Kong/1073/1999 (H9N2),1.00E+01
Sp19,2254,d12,2254_d12,A/Hong Kong/1073/1999 (H9N2),1.00E+01
Sp19,2254,d14,2254_d14,A/Hong Kong/1073/1999 (H9N2),1.00E+01
Sp19,2244,d00,2244_d00,A/Hong Kong/1073/1999 (H9N2),1.00E+01
Sp19,2244,d02,2244_d02,A/Hong Kong/1073/1999 (H9N2),
Sp19,2244,d04,2244_d04,A/Hong Kong/1073/1999 (H9N2),
Sp19,2244,d06,2244_d06,A/Hong Kong/1073/1999 (H9N2),
Sp19,2244,d08,2244_d08,A/Hong Kong/1073/1999 (H9N2),
Sp19,2244,d10,2244_d10,A/Hong Kong/1073/1999 (H9N2),
Sp19,2244,d12,2244_d12,A/Hong Kong/1073/1999 (H9N2),
Sp19,2244,d14,2244_d14,A/Hong Kong/1073/1999 (H9N2),
Sp19,2243,d00,2243_d00,A/Hong Kong/1073/1999 (H9N2),
Sp19,2243,d02,2243_d02,A/Hong Kong/1073/1999 (H9N2),
Sp19,2243,d04,2243_d04,A/Hong Kong/1073/1999 (H9N2),
Sp19,2243,d06,2243_d06,A/Hong Kong/1073/1999 (H9N2),
Sp19,2243,d08,2243_d08,A/Hong Kong/1073/1999 (H9N2),
Sp19,2243,d10,2243_d10,A/Hong Kong/1073/1999 (H9N2),
Sp19,2243,d12,2243_d12,A/Hong Kong/1073/1999 (H9N2),
Sp19,2243,d14,2243_d14,A/Hong Kong/1073/1999 (H9N2),
Sp19,2246,d00,2246_d00,A/Hong Kong/1073/1999 (H9N2),
Sp19,2246,d02,2246_d02,A/Hong Kong/1073/1999 (H9N2),
Sp19,2246,d04,2246_d04,A/Hong Kong/1073/1999 (H9N2),
Sp19,2246,d06,2246_d06,A/Hong Kong/1073/1999 (H9N2),
Sp19,2246,d08,2246_d08,A/Hong Kong/1073/1999 (H9N2),
Sp19,2246,d10,2246_d10,A/Hong Kong/1073/1999 (H9N2),
Sp19,2246,d12,2246_d12,A/Hong Kong/1073/1999 (H9N2),
Sp19,2246,d14,2246_d14,A/Hong Kong/1073/1999 (H9N2),
W19,2695,d02,2695_d02,A/Memphis/257/2019 (H3N2),316227.766
W19,2696,d02,2696_d02,A/Memphis/257/2019 (H3N2),316227.766
W19,2697,d02,2697_d02,A/Memphis/257/2019 (H3N2),100000
W19,2699,d02,2699_d02,A/Memphis/257/2019 (H3N2),562341.3252
W19,2700,d02,2700_d02,A/Memphis/257/2019 (H3N2),1778279.41
W19,2701,d02,2701_d02,A/Memphis/257/2019 (H3N2),3162277.66
W19,2702,d02,2702_d02,A/Memphis/257/2019 (H3N2),562341.3252
W19,2703,d02,2703_d02,A/Memphis/257/2019 (H3N2),227509.7431
W19,2704,d02,2704_d02,A/Memphis/257/2019 (H3N2),17782794.1
W19,2705,d02,2705_d02,A/Memphis/257/2019 (H3N2),1778279.41
W19,2706,d02,2706_d02,A/Memphis/257/2019 (H3N2),316227.766
W19,2707,d02,2707_d02,A/Memphis/257/2019 (H3N2),100000
W19,2710,d02,2710_d02,A/Memphis/257/2019 (H3N2),29107.17118
W19,2695,d04,2695_d04,A/Memphis/257/2019 (H3N2),10000
W19,2696,d04,2696_d04,A/Memphis/257/2019 (H3N2),10
W19,2699,d04,2699_d04,A/Memphis/257/2019 (H3N2),146892.6278
W19,2701,d04,2701_d04,A/Memphis/257/2019 (H3N2),15205.4753
W19,2702,d04,2702_d04,A/Memphis/257/2019 (H3N2),26853.44446
W19,2703,d04,2703_d04,A/Memphis/257/2019 (H3N2),146892.6278
W19,2704,d04,2704_d04,A/Memphis/257/2019 (H3N2),1499684.836
W19,2706,d04,2706_d04,A/Memphis/257/2019 (H3N2),100
W19,2710,d04,2710_d04,A/Memphis/257/2019 (H3N2),50118.72336
W19,2695,d06,2695_d06,A/Memphis/257/2019 (H3N2),10
W19,2696,d06,2696_d06,A/Memphis/257/2019 (H3N2),10
W19,2699,d06,2699_d06,A/Memphis/257/2019 (H3N2),3162.27766
W19,2701,d06,2701_d06,A/Memphis/257/2019 (H3N2),100
W19,2702,d06,2702_d06,A/Memphis/257/2019 (H3N2),10
W19,2703,d06,2703_d06,A/Memphis/257/2019 (H3N2),3162.27766
W19,2704,d06,2704_d06,A/Memphis/257/2019 (H3N2),316.227766
W19,2706,d06,2706_d06,A/Memphis/257/2019 (H3N2),10
W19,2710,d06,2710_d06,A/Memphis/257/2019 (H3N2),316.227766
W19,2695,d08,2695_d08,A/Memphis/257/2019 (H3N2),10
W19,2696,d08,2696_d08,A/Memphis/257/2019 (H3N2),10
W19,2699,d08,2699_d08,A/Memphis/257/2019 (H3N2),10
W19,2701,d08,2701_d08,A/Memphis/257/2019 (H3N2),10
W19,2702,d08,2702_d08,A/Memphis/257/2019 (H3N2),10
W19,2706,d08,2706_d08,A/Memphis/257/2019 (H3N2),10
W19,2704,d08,2704_d08,A/Memphis/257/2019 (H3N2),10
W19,2703,d08,2703_d08,A/Memphis/257/2019 (H3N2),10
W19,2710,d08,2710_d08,A/Memphis/257/2019 (H3N2),10
W19,2706,d10,2706_d10,A/Memphis/257/2019 (H3N2),10
W19,2699,d10,2699_d10,A/Memphis/257/2019 (H3N2),10
W19,2710,d10,2710_d10,A/Memphis/257/2019 (H3N2),10
W19,2696,d10,2696_d10,A/Memphis/257/2019 (H3N2),10
W19,2695,d10,2695_d10,A/Memphis/257/2019 (H3N2),10
W19,2704,d10,2704_d10,A/Memphis/257/2019 (H3N2),10
W19,2703,d10,2703_d10,A/Memphis/257/2019 (H3N2),10
W19,2702,d10,2702_d10,A/Memphis/257/2019 (H3N2),10
W19,2701,d10,2701_d10,A/Memphis/257/2019 (H3N2),10
20SP,2887,NA,2887_NA,SARS-CoV-2,10
20SP,2887,NA,2887_NA,SARS-CoV-2,10
20SP,2887,NA,2887_NA,SARS-CoV-2,10
20SP,2887,NA,2887_NA,SARS-CoV-2,10
20SP,2887,NA,2887_NA,SARS-CoV-2,10
20SP,2885,NA,2885_NA,SARS-CoV-2,10
20SP,2885,NA,2885_NA,SARS-CoV-2,10
20SP,2885,NA,2885_NA,SARS-CoV-2,10
20SP,2885,NA,2885_NA,SARS-CoV-2,10
20SP,2885,NA,2885_NA,SARS-CoV-2,10
20SP,2863,NA,2863_NA,SARS-CoV-2,10
20SP,2863,NA,2863_NA,SARS-CoV-2,10
20SP,2863,NA,2863_NA,SARS-CoV-2,10
20SP,2863,NA,2863_NA,SARS-CoV-2,10
20SP,2863,NA,2863_NA,SARS-CoV-2,10
20SP,2850,NA,2850_NA,SARS-CoV-2,10
20SP,2850,NA,2850_NA,SARS-CoV-2,10
20SP,2850,NA,2850_NA,SARS-CoV-2,10
20SP,2850,NA,2850_NA,SARS-CoV-2,10
20SP,2850,NA,2850_NA,SARS-CoV-2,10
20SP,2875,NA,2875_NA,SARS-CoV-2,10
20SP,2875,NA,2875_NA,SARS-CoV-2,10
20SP,2875,NA,2875_NA,SARS-CoV-2,10
20SP,2875,NA,2875_NA,SARS-CoV-2,10
20SP,2875,NA,2875_NA,SARS-CoV-2,10
20SP,2876,NA,2876_NA,SARS-CoV-2,10
20SP,2876,NA,2876_NA,SARS-CoV-2,10
20SP,2876,NA,2876_NA,SARS-CoV-2,10
20SP,2876,NA,2876_NA,SARS-CoV-2,10
20SP,2876,NA,2876_NA,SARS-CoV-2,10
20SP,2853,NA,2853_NA,SARS-CoV-2,10
20SP,2853,NA,2853_NA,SARS-CoV-2,10
20SP,2853,NA,2853_NA,SARS-CoV-2,10
20SP,2853,NA,2853_NA,SARS-CoV-2,10
20SP,2853,NA,2853_NA,SARS-CoV-2,10
20SP,2855,NA,2855_NA,SARS-CoV-2,316.227766
20SP,2870,NA,2870_NA,SARS-CoV-2,10
20SP,2870,NA,2870_NA,SARS-CoV-2,10
20SP,2870,NA,2870_NA,SARS-CoV-2,10
20SP,2870,NA,2870_NA,SARS-CoV-2,10
20SP,2855,NA,2855_NA,SARS-CoV-2,316.227766
20SP,2855,NA,2855_NA,SARS-CoV-2,316.227766
20SP,2855,NA,2855_NA,SARS-CoV-2,10
20SP,2855,NA,2855_NA,SARS-CoV-2,10
20SP,2870,NA,2870_NA,SARS-CoV-2,10
20SP,2876,NA,2876_NA,SARS-CoV-2,316.227766
20SP,2855,NA,2855_NA,SARS-CoV-2,3162.27766
20SP,2853,NA,2853_NA,SARS-CoV-2,316.227766
20SP,2850,NA,2850_NA,SARS-CoV-2,316.227766
20SP,2870,NA,2870_NA,SARS-CoV-2,316.227766
20SP,2887,NA,2887_NA,SARS-CoV-2,316.227766
20SP,2885,NA,2885_NA,SARS-CoV-2,316.227766
20SP,2875,NA,2875_NA,SARS-CoV-2,562.3413252
20SP,2863,NA,2863_NA,SARS-CoV-2,316.227766
20SP,2862,d00,2862_d00,B/Brisbane/60/2008,10
20SP,2862,d02,2862_d02,B/Brisbane/60/2008,31622.78
20SP,2862,d04,2862_d04,B/Brisbane/60/2008,5623.413
20SP,2862,d06,2862_d06,B/Brisbane/60/2008,10
20SP,2865,d00,2865_d00,B/Brisbane/60/2008,10
20SP,2865,d02,2865_d02,B/Brisbane/60/2008,31622.78
20SP,2865,d04,2865_d04,B/Brisbane/60/2008,31622.78
20SP,2865,d06,2865_d06,B/Brisbane/60/2008,10
20SP,2864,d00,2864_d00,B/Brisbane/60/2008,10
20SP,2864,d02,2864_d02,B/Brisbane/60/2008,31622.78
20SP,2864,d04,2864_d04,B/Brisbane/60/2008,1778.279
20SP,2864,d06,2864_d06,B/Brisbane/60/2008,10
20SP,2888,d00,2888_d00,B/Brisbane/60/2008,10
20SP,2888,d02,2888_d02,B/Brisbane/60/2008,31622.78
20SP,2888,d04,2888_d04,B/Brisbane/60/2008,3162.278
20SP,2888,d06,2888_d06,B/Brisbane/60/2008,10
20SP,2889,d00,2889_d00,B/Brisbane/60/2008,10
20SP,2889,d02,2889_d02,B/Brisbane/60/2008,17782.79
20SP,2889,d04,2889_d04,B/Brisbane/60/2008,3162.278
20SP,2889,d06,2889_d06,B/Brisbane/60/2008,10
20SP,2881,d00,2881_d00,B/Brisbane/60/2008,10
20SP,2881,d02,2881_d02,B/Brisbane/60/2008,5623.413
20SP,2881,d04,2881_d04,B/Brisbane/60/2008,3162.278
20SP,2881,d06,2881_d06,B/Brisbane/60/2008,10
20SP,2853,d02,2853_d02,A/Memphis/257/2019 (H3N2),17782.7941
20SP,2854,d02,2854_d02,A/Memphis/257/2019 (H3N2),31622.7766
20SP,2859,d02,2859_d02,A/Memphis/257/2019 (H3N2),158489.3192
20SP,2874,d02,2874_d02,A/Memphis/257/2019 (H3N2),10
20SP,2890,d02,2890_d02,A/Memphis/257/2019 (H3N2),10
20SP,2875,d02,2875_d02,A/Memphis/257/2019 (H3N2),31622.7766
20SP,2877,d02,2877_d02,A/Memphis/257/2019 (H3N2),3162.27766
20SP,2882,d02,2882_d02,A/Memphis/257/2019 (H3N2),56234.13252
20SP,2855,d02,2855_d02,A/Memphis/257/2019 (H3N2),31622.7766
20SP,2858,d02,2858_d02,A/Memphis/257/2019 (H3N2),10
20SP,2878,d02,2878_d02,A/Memphis/257/2019 (H3N2),17782.7941
20SP,2876,d02,2876_d02,A/Memphis/257/2019 (H3N2),10
20SP,2866,d02,2866_d02,A/Memphis/257/2019 (H3N2),10
20SP,2857,d02,2857_d02,A/Memphis/257/2019 (H3N2),10
20SP,2856,d02,2856_d02,A/Memphis/257/2019 (H3N2),31622.7766
20SP,2886,d02,2886_d02,A/Memphis/257/2019 (H3N2),10
20SP,2853,d04,2853_d04,A/Memphis/257/2019 (H3N2),10
20SP,2854,d04,2854_d04,A/Memphis/257/2019 (H3N2),10
20SP,2875,d04,2875_d04,A/Memphis/257/2019 (H3N2),31622.7766
20SP,2856,d04,2856_d04,A/Memphis/257/2019 (H3N2),5623.413252
20SP,2857,d04,2857_d04,A/Memphis/257/2019 (H3N2),56234.13252
20SP,2858,d04,2858_d04,A/Memphis/257/2019 (H3N2),1000
20SP,2859,d04,2859_d04,A/Memphis/257/2019 (H3N2),10
20SP,2866,d04,2866_d04,A/Memphis/257/2019 (H3N2),316227.766
20SP,2874,d04,2874_d04,A/Memphis/257/2019 (H3N2),1778279.41
20SP,2855,d04,2855_d04,A/Memphis/257/2019 (H3N2),10
20SP,2877,d04,2877_d04,A/Memphis/257/2019 (H3N2),31622.7766
20SP,2876,d04,2876_d04,A/Memphis/257/2019 (H3N2),5623.413252
20SP,2878,d04,2878_d04,A/Memphis/257/2019 (H3N2),10
20SP,2882,d04,2882_d04,A/Memphis/257/2019 (H3N2),10
20SP,2886,d04,2886_d04,A/Memphis/257/2019 (H3N2),5623.413252
20SP,2890,d04,2890_d04,A/Memphis/257/2019 (H3N2),3162.27766
20SP,2853,d06,2853_d06,A/Memphis/257/2019 (H3N2),100
20SP,2854,d06,2854_d06,A/Memphis/257/2019 (H3N2),17782.7941
20SP,2855,d06,2855_d06,A/Memphis/257/2019 (H3N2),10
20SP,2856,d06,2856_d06,A/Memphis/257/2019 (H3N2),56234.13252
20SP,2857,d06,2857_d06,A/Memphis/257/2019 (H3N2),56234.13252
20SP,2858,d06,2858_d06,A/Memphis/257/2019 (H3N2),10
20SP,2859,d06,2859_d06,A/Memphis/257/2019 (H3N2),10
20SP,2866,d06,2866_d06,A/Memphis/257/2019 (H3N2),5623.413252
20SP,2874,d06,2874_d06,A/Memphis/257/2019 (H3N2),56234.13252
20SP,2875,d06,2875_d06,A/Memphis/257/2019 (H3N2),177.827941
20SP,2877,d06,2877_d06,A/Memphis/257/2019 (H3N2),10
20SP,2876,d06,2876_d06,A/Memphis/257/2019 (H3N2),10
20SP,2878,d06,2878_d06,A/Memphis/257/2019 (H3N2),31622.7766
20SP,2882,d06,2882_d06,A/Memphis/257/2019 (H3N2),10
20SP,2886,d06,2886_d06,A/Memphis/257/2019 (H3N2),100
20SP,2890,d06,2890_d06,A/Memphis/257/2019 (H3N2),5623.413252
20SP,2855,d08,2855_d08,A/Memphis/257/2019 (H3N2),10
20SP,2856,d08,2856_d08,A/Memphis/257/2019 (H3N2),10
20SP,2853,d08,2853_d08,A/Memphis/257/2019 (H3N2),10
20SP,2866,d08,2866_d08,A/Memphis/257/2019 (H3N2),10
20SP,2876,d08,2876_d08,A/Memphis/257/2019 (H3N2),17782.7941
20SP,2875,d08,2875_d08,A/Memphis/257/2019 (H3N2),56234.13252
20SP,2877,d08,2877_d08,A/Memphis/257/2019 (H3N2),10
20SP,2854,d08,2854_d08,A/Memphis/257/2019 (H3N2),10
20SP,2874,d08,2874_d08,A/Memphis/257/2019 (H3N2),10
20SP,2858,d08,2858_d08,A/Memphis/257/2019 (H3N2),17782.7941
20SP,2878,d08,2878_d08,A/Memphis/257/2019 (H3N2),10
20SP,2859,d08,2859_d08,A/Memphis/257/2019 (H3N2),10
20SP,2882,d08,2882_d08,A/Memphis/257/2019 (H3N2),10
20SP,2890,d08,2890_d08,A/Memphis/257/2019 (H3N2),10
20SP,2857,d08,2857_d08,A/Memphis/257/2019 (H3N2),10
20SP,2886,d08,2886_d08,A/Memphis/257/2019 (H3N2),10
20SP,2875,d10,2875_d10,A/Memphis/257/2019 (H3N2),1000
20SP,2876,d10,2876_d10,A/Memphis/257/2019 (H3N2),10
20SP,2877,d10,2877_d10,A/Memphis/257/2019 (H3N2),10
20SP,2886,d10,2886_d10,A/Memphis/257/2019 (H3N2),10
20SP,2853,d10,2853_d10,A/Memphis/257/2019 (H3N2),10
20SP,2854,d10,2854_d10,A/Memphis/257/2019 (H3N2),10
20SP,2855,d10,2855_d10,A/Memphis/257/2019 (H3N2),10
20SP,2856,d10,2856_d10,A/Memphis/257/2019 (H3N2),10
20SP,2857,d10,2857_d10,A/Memphis/257/2019 (H3N2),10
20SP,2858,d10,2858_d10,A/Memphis/257/2019 (H3N2),10
20SP,2874,d10,2874_d10,A/Memphis/257/2019 (H3N2),10
20SP,2878,d10,2878_d10,A/Memphis/257/2019 (H3N2),10
20SP,2890,d10,2890_d10,A/Memphis/257/2019 (H3N2),10
20SP,2882,d10,2882_d10,A/Memphis/257/2019 (H3N2),10
20SP,2859,d10,2859_d10,A/Memphis/257/2019 (H3N2),10
20SP,2866,d10,2866_d10,A/Memphis/257/2019 (H3N2),10
20SP,2878,d12,2878_d12,A/Memphis/257/2019 (H3N2),10
20SP,2876,d12,2876_d12,A/Memphis/257/2019 (H3N2),10
20SP,2875,d12,2875_d12,A/Memphis/257/2019 (H3N2),10
20SP,2877,d12,2877_d12,A/Memphis/257/2019 (H3N2),10
20SP,2853,d12,2853_d12,A/Memphis/257/2019 (H3N2),10
20SP,2855,d12,2855_d12,A/Memphis/257/2019 (H3N2),10
20SP,2856,d12,2856_d12,A/Memphis/257/2019 (H3N2),10
20SP,2854,d12,2854_d12,A/Memphis/257/2019 (H3N2),31622.7766
20SP,2857,d12,2857_d12,A/Memphis/257/2019 (H3N2),56234.13252
20SP,2858,d12,2858_d12,A/Memphis/257/2019 (H3N2),10
20SP,2874,d12,2874_d12,A/Memphis/257/2019 (H3N2),10
20SP,2886,d12,2886_d12,A/Memphis/257/2019 (H3N2),10
20SP,2890,d12,2890_d12,A/Memphis/257/2019 (H3N2),10
20SP,2882,d12,2882_d12,A/Memphis/257/2019 (H3N2),56234.13252
20SP,2859,d12,2859_d12,A/Memphis/257/2019 (H3N2),10