ferretID,pair_numbers,pair_diets
1408,1408-1409,OB>OB
1409,1408-1409,OB>OB
1410,1416-1410,LN>LN
1412,1412-1413,LN>LN
1413,1412-1413,LN>LN
1414,1414-1415,OB>OB
1415,1414-1415,OB>OB
1416,1416-1410,LN>LN
1787,1787-1793,OB>OB
1789,1789-1794,OB>OB
1793,1787-1793,OB>OB
1794,1789-1794,OB>OB
1797,1801-1797,LN>LN
1800,1800-1803,LN>LN
1801,1801-1797,LN>LN
1803,1800-1803,LN>LN
1910,1910-1911,OB>OB
1911,1910-1911,OB>OB
1912,1912-1914,OB>OB
1913,1983-1913,LN>LN
1914,1912-1914,OB>OB
1915,1984-1915,OB>LN
1967,1975-1967,LN>LN
1970,1970-1981,LN>OB
1971,1971-1980,LN>OB
1973,1973-1986,LN>LN
1974,1974-1987,LN>LN
1975,1975-1967,LN>LN
1976,1977-1976,LN>OB
1977,1977-1976,LN>OB
1980,1971-1980,LN>OB
1981,1970-1981,LN>OB
1983,1983-1913,LN>LN
1984,1984-1915,OB>LN
1986,1973-1986,LN>LN
1987,1974-1987,LN>LN
2231,2253-2231,LN>OB
2232,2233-2232,OB>OB
2232,2232-2244,OB>LN
2233,2233-2232,OB>OB
2234,2234-2235,OB>OB
2235,2234-2235,OB>OB
2235,2235-2243,OB>LN
2238,2254-2238,LN>OB
2239,2240-2239,OB>OB
2239,2239-2246,OB>LN
2240,2240-2239,OB>OB
2241,2251-2241,LN>OB
2243,2235-2243,OB>LN
2244,2232-2244,OB>LN
2246,2239-2246,OB>LN
2251,2251-2241,LN>OB
2253,2253-2231,LN>OB
2254,2254-2238,LN>OB
2867,2867-2869,OB>OB
2868,2868-2870,OB>OB
2869,2867-2869,OB>OB
2870,2868-2870,OB>OB