sample,segment,ntpos,nt,majmin,freq,aa,codon,nonsyn,binocheck,totalcount,aapos,freq1,freq2,totalcount1,totalcount2,refnt,stocknt,stockaa,nt1,nt2
P2_10,SynRNA_WT_PB2,114,G,major,0.9259479578118356,R,agG,,True,29389.0,38.66666666666666,0.9240158486707568,0.9278800669529146,31296,27482,G,G,R,G,G
P2_10,SynRNA_WT_PB2,120,A,major,0.7959964573568752,E,gaA,,True,30972.5,40.66666666666666,0.7904767666989352,0.8015161480148153,33056,28889,G,A,E,A,A
P2_10,SynRNA_WT_PB2,176,C,major,0.9790056320949894,A,gCa,,True,24310.0,59.33333333333334,0.9795056800736874,0.9785055841162914,26056,22564,C,C,A,C,C
P2_10,SynRNA_WT_PB2,222,G,major,0.8743249572243941,G,ggG,,True,14501.0,74.66666666666667,0.8711598746081505,0.8774900398406374,15950,13052,A,G,G,G,G
P2_10,SynRNA_WT_PB2,379,T,major,0.8638048593915463,Y,Tat,,True,16124.0,127.0,0.8610673271785634,0.8665423916045292,17764,14484,C,T,Y,T,T
P2_10,SynRNA_WT_PB2,546,A,major,0.8635439061791659,Q,caA,,True,18986.0,182.66666666666663,0.8614012495826775,0.8656865627756543,20967,17005,G,A,Q,A,A
P2_10,SynRNA_WT_PB2,711,A,major,0.8568834279742488,G,ggA,,True,21961.0,237.66666666666663,0.8555451624710236,0.8582216934774738,24589,19333,G,A,G,A,A
P2_10,SynRNA_WT_PB2,888,T,major,0.8678413095569373,D,gaT,,True,21782.5,296.6666666666667,0.8714512001949555,0.8642314189189191,24621,18944,C,T,D,T,T
P2_10,SynRNA_WT_PB2,1020,T,major,0.8652272528797235,N,aaT,,True,22189.5,340.6666666666667,0.8628270567903219,0.867627448969125,24881,19498,A,T,N,T,T
P2_10,SynRNA_WT_PB2,1167,G,major,0.8707771230099084,R,agG,,True,23482.0,389.66666666666674,0.8728030303030303,0.8687512157167866,26400,20564,A,G,R,G,G
P2_10,SynRNA_WT_PB2,1290,A,major,0.8690062269820746,P,ccA,,True,23366.5,430.66666666666674,0.8677250696485135,0.8702873843156357,26203,20530,C,A,P,A,A
P2_10,SynRNA_WT_PB2,1412,T,major,0.8622584951518928,M,aTg,,True,22355.0,471.33333333333326,0.8596343516959346,0.8648826386078511,24942,19768,C,T,M,T,T
P2_10,SynRNA_WT_PB2,1577,G,major,0.8754887229030779,R,aGg,,True,26653.5,526.3333333333334,0.8775033377837116,0.8734741080224441,29960,23347,A,G,R,G,G
P2_10,SynRNA_WT_PB2,1785,T,major,0.8712765005527889,F,ttT,,True,22941.5,595.6666666666666,0.8706151401217102,0.8719378609838677,25799,20084,C,T,F,T,T
P2_10,SynRNA_WT_PB2,1899,C,major,0.8702344265020889,F,ttC,,True,20189.0,633.6666666666666,0.8747084451876953,0.8657604078164826,22723,17655,T,C,F,C,C
P2_10,SynRNA_WT_PB2,2055,A,major,0.8954033137516882,G,ggA,,True,18478.0,685.6666666666666,0.8924285079271003,0.8983781195762762,20247,16709,G,A,G,A,A
P2_10,SynRNA_WT_PB2,2207,A,major,0.9770587009792606,K,aAa,,False,15359.0,736.3333333333335,0.9750987894373706,0.9790186125211506,15943,14775,A,A,K,A,A
P2_10,SynRNA_WT_PB2,2214,A,major,0.8695529867710174,K,aaA,,False,7122.0,738.6666666666665,0.8502504613762194,0.8888555121658156,7586,6658,A,A,K,A,A
P2_10,SynRNA_WT_PB2,2266,G,major,0.8622397105753317,A,Gcg,,True,12902.0,756.0,0.8509524501963065,0.8735269709543568,13754,12050,A,G,A,G,G
P2_10,SynRNA_WT_PB2,2267,C,major,0.8665619422392021,A,gCg,,True,12389.5,756.3333333333335,0.8546555639666918,0.8784683205117123,13210,11569,T,C,A,C,C
P2_10,SynRNA_WT_PB2,2280,G,major,0.8768556005398112,*,taG,,True,1345.5,760.6666666666665,0.8819163292847504,0.8717948717948718,1482,1209,G,G,*,G,G
P2_10,SynRNA_WT_PB2,114,A,minor,0.0731365540396845,R,agA,syn,True,29389.0,38.66666666666666,0.07528118609406953,0.07099192198529948,31296,27482,G,G,R,A,A
P2_10,SynRNA_WT_PB2,120,G,minor,0.2022284287545912,E,gaG,syn,True,30972.5,40.66666666666666,0.2077383833494676,0.1967184741597148,33056,28889,G,A,E,G,G
P2_10,SynRNA_WT_PB2,176,A,minor,0.019782007710663903,E,gAa,nonsyn,True,24310.0,59.33333333333334,0.019266195885784463,0.020297819535543344,26056,22564,C,C,A,A,A
P2_10,SynRNA_WT_PB2,222,A,minor,0.12412517761123334,G,ggA,syn,True,14501.0,74.66666666666667,0.12727272727272726,0.1209776279497395,15950,13052,A,G,G,A,A
P2_10,SynRNA_WT_PB2,379,C,minor,0.13557856137180713,H,Cat,nonsyn,True,16124.0,127.0,0.1379756811528935,0.1331814415907208,17764,14484,C,T,Y,C,C
P2_10,SynRNA_WT_PB2,546,G,minor,0.1351820246730672,Q,caG,syn,True,18986.0,182.66666666666663,0.1371679305575428,0.13319611878859158,20967,17005,G,A,Q,G,G
P2_10,SynRNA_WT_PB2,711,G,minor,0.1428190568657623,G,ggG,syn,True,21961.0,237.66666666666663,0.14417015738744968,0.14146795634407489,24589,19333,G,A,G,G,G
P2_10,SynRNA_WT_PB2,888,C,minor,0.1313302358004099,D,gaC,syn,True,21782.5,296.6666666666667,0.1277364851143333,0.13492398648648649,24621,18944,C,T,D,C,C
P2_10,SynRNA_WT_PB2,1020,A,minor,0.1332633498546733,K,aaA,nonsyn,True,22189.5,340.6666666666667,0.13584662995860294,0.13068006975074367,24881,19498,A,T,N,A,A
P2_10,SynRNA_WT_PB2,1167,A,minor,0.12741415565890374,R,agA,syn,True,23482.0,389.66666666666674,0.12537878787878787,0.12944952343901964,26400,20564,A,G,R,A,A
P2_10,SynRNA_WT_PB2,1290,C,minor,0.12990987281865135,P,ccC,syn,True,23366.5,430.66666666666674,0.13113002327977713,0.12868972235752554,26203,20530,C,A,P,C,C
P2_10,SynRNA_WT_PB2,1412,C,minor,0.13664904115386628,T,aCg,nonsyn,True,22355.0,471.33333333333326,0.13924304386175929,0.1340550384459733,24942,19768,C,T,M,C,C
P2_10,SynRNA_WT_PB2,1577,A,minor,0.12395861133901186,K,aAg,nonsyn,True,26653.5,526.3333333333334,0.12186248331108145,0.12605473936694225,29960,23347,A,G,R,A,A
P2_10,SynRNA_WT_PB2,1785,C,minor,0.1281230155491206,F,ttC,syn,True,22941.5,595.6666666666666,0.12888096437846427,0.12736506671977693,25799,20084,C,T,F,C,C
P2_10,SynRNA_WT_PB2,1899,T,minor,0.12930327973310074,F,ttT,syn,True,20189.0,633.6666666666666,0.12476345552963958,0.13384310393656187,22723,17655,T,C,F,T,T
P2_10,SynRNA_WT_PB2,2055,G,minor,0.10401679304872337,G,ggG,syn,True,18478.0,685.6666666666666,0.10683064157652986,0.10120294452091687,20247,16709,G,A,G,G,G
P2_10,SynRNA_WT_PB2,2207,G,minor,0.02232559245272366,R,aGa,nonsyn,False,15359.0,736.3333333333335,0.02421125258734241,0.020439932318104908,15943,14775,A,A,K,G,G
P2_10,SynRNA_WT_PB2,2214,C,minor,0.12314213064381535,N,aaC,nonsyn,False,7122.0,738.6666666666665,0.1424993408911152,0.10378492039651548,7586,6658,A,A,K,C,C
P2_10,SynRNA_WT_PB2,2266,A,minor,0.1375318896290902,T,Acg,nonsyn,True,12902.0,756.0,0.14875672531627165,0.12630705394190872,13754,12050,A,G,A,A,A
P2_10,SynRNA_WT_PB2,2267,T,minor,0.13307056257066427,V,gTg,nonsyn,True,12389.5,756.3333333333335,0.14504163512490534,0.1210994900164232,13210,11569,T,C,A,T,T
P2_10,SynRNA_WT_PB2,2280,A,minor,0.12239345261416568,*,taA,syn,True,1345.5,760.6666666666665,0.11740890688259108,0.1273779983457403,1482,1209,G,G,*,A,A
FCC_10,SynRNA_WT_PB2,114,G,major,0.9463067352060148,R,agG,,True,27479.0,38.66666666666666,0.9462600610602276,0.9463534093518022,28824,26134,G,G,R,G,G
FCC_10,SynRNA_WT_PB2,120,A,major,0.8254203233280374,E,gaA,,True,29162.5,40.66666666666666,0.8176644661962212,0.8331761804598535,30751,27574,G,A,E,A,A
FCC_10,SynRNA_WT_PB2,176,C,major,0.9858172474809236,A,gCa,,False,23993.0,59.33333333333334,0.9871906380959912,0.9844438568658558,25294,22692,C,C,A,C,C
FCC_10,SynRNA_WT_PB2,222,G,major,0.8709194679659226,G,ggG,,True,17956.0,74.66666666666667,0.8584025947699169,0.8834363411619283,19732,16180,A,G,G,G,G
FCC_10,SynRNA_WT_PB2,379,T,major,0.8621854097804005,Y,Tat,,True,21482.5,127.0,0.8561335632280583,0.8682372563327426,23779,19186,C,T,Y,T,T
FCC_10,SynRNA_WT_PB2,546,A,major,0.8629403589521114,Q,caA,,True,25098.5,182.66666666666663,0.8600818324347062,0.8657988854695168,26151,24046,G,A,Q,A,A
FCC_10,SynRNA_WT_PB2,711,A,major,0.8629417536717519,G,ggA,,True,28773.0,237.66666666666663,0.8553541019733547,0.8705294053701489,29949,27597,G,A,G,A,A
FCC_10,SynRNA_WT_PB2,888,T,major,0.8735626554337967,D,gaT,,True,28201.0,296.6666666666667,0.8652418603045264,0.8818834505630672,28963,27439,C,T,D,T,T
FCC_10,SynRNA_WT_PB2,1020,T,major,0.8709826760455498,N,aaT,,True,28074.5,340.6666666666667,0.8609959241538189,0.8809694279372807,28215,27934,A,T,N,T,T
FCC_10,SynRNA_WT_PB2,1167,G,major,0.8762078778997808,R,agG,,True,29738.5,389.66666666666674,0.8684958386900331,0.8839199171095291,29558,29919,A,G,R,G,G
FCC_10,SynRNA_WT_PB2,1290,A,major,0.8712015187953601,P,ccA,,True,29637.5,430.66666666666674,0.8639703404111898,0.8784326971795304,29670,29605,C,A,P,A,A
FCC_10,SynRNA_WT_PB2,1412,T,major,0.8701356153250042,M,aTg,,True,28175.0,471.33333333333326,0.8626178010471204,0.8776534296028881,28650,27700,C,T,M,T,T
FCC_10,SynRNA_WT_PB2,1577,G,major,0.8789970201720805,R,aGg,,True,31125.5,526.3333333333334,0.8718380081362983,0.8861560322078625,32693,29558,A,G,R,G,G
FCC_10,SynRNA_WT_PB2,1785,T,major,0.8608705178902178,F,ttT,,True,26012.0,595.6666666666666,0.8521880304036602,0.8695530053767755,27102,24922,C,T,F,T,T
FCC_10,SynRNA_WT_PB2,1899,C,major,0.8593386663565572,F,ttC,,True,22936.5,633.6666666666666,0.8513154511954751,0.8673618815176393,23338,22535,T,C,F,C,C
FCC_10,SynRNA_WT_PB2,2055,A,major,0.8794543948341694,G,ggA,,True,19024.0,685.6666666666666,0.8708013056754764,0.8881074839928624,18994,19054,G,A,G,A,A
FCC_10,SynRNA_WT_PB2,2207,A,major,0.9844125890719606,K,aAa,,False,13229.5,736.3333333333335,0.9812479793081152,0.987577198835806,12372,14087,A,A,K,A,A
FCC_10,SynRNA_WT_PB2,2214,A,major,0.8524452404663287,K,aaA,,False,5795.5,738.6666666666665,0.8372486057123543,0.8676418752203031,5917,5674,A,A,K,A,A
FCC_10,SynRNA_WT_PB2,2266,G,major,0.8521002565927429,A,Gcg,,True,11232.5,756.0,0.8329883919733645,0.8712121212121212,11113,11352,A,G,A,G,G
FCC_10,SynRNA_WT_PB2,2267,C,major,0.8571953420468035,A,gCg,,True,10799.0,756.3333333333335,0.8391851295531355,0.8752055545404714,10652,10946,T,C,A,C,C
FCC_10,SynRNA_WT_PB2,2280,G,major,0.8898975600975307,*,taG,,True,1265.5,760.6666666666665,0.9150943396226416,0.8647007805724197,1378,1153,G,G,*,G,G
FCC_10,SynRNA_WT_PB2,114,A,minor,0.05257491992262342,R,agA,syn,True,27479.0,38.66666666666666,0.05242159311684707,0.052728246728399784,28824,26134,G,G,R,A,A
FCC_10,SynRNA_WT_PB2,120,G,minor,0.17298697495419876,E,gaG,syn,True,29162.5,40.66666666666666,0.1807095704204741,0.1652643794879234,30751,27574,G,A,E,G,G
FCC_10,SynRNA_WT_PB2,176,A,minor,0.012893698851724068,E,gAa,nonsyn,False,23993.0,59.33333333333334,0.011465169605440024,0.01432222809800811,25294,22692,C,C,A,A,A
FCC_10,SynRNA_WT_PB2,222,A,minor,0.12751379611641486,G,ggA,syn,True,17956.0,74.66666666666667,0.13982363673221165,0.11520395550061804,19732,16180,A,G,G,A,A
FCC_10,SynRNA_WT_PB2,379,C,minor,0.13710145790829625,H,Cat,nonsyn,True,21482.5,127.0,0.14285714285714285,0.1313457729594496,23779,19186,C,T,Y,C,C
FCC_10,SynRNA_WT_PB2,546,G,minor,0.13584814636744272,Q,caG,syn,True,25098.5,182.66666666666663,0.13861802607930862,0.13307826665557682,26151,24046,G,A,Q,G,G
FCC_10,SynRNA_WT_PB2,711,G,minor,0.1367840112406767,G,ggG,syn,True,28773.0,237.66666666666663,0.14427860696517414,0.12928941551617928,29949,27597,G,A,G,G,G
FCC_10,SynRNA_WT_PB2,888,C,minor,0.12590697758116806,D,gaC,syn,True,28201.0,296.6666666666667,0.13417118392431726,0.11764277123801888,28963,27439,C,T,D,C,C
FCC_10,SynRNA_WT_PB2,1020,A,minor,0.12777060979704052,K,aaA,nonsyn,True,28074.5,340.6666666666667,0.13776360092149567,0.11777761867258538,28215,27934,A,T,N,A,A
FCC_10,SynRNA_WT_PB2,1167,A,minor,0.12165360061267075,R,agA,syn,True,29738.5,389.66666666666674,0.1288314500304486,0.11447575119489288,29558,29919,A,G,R,A,A
FCC_10,SynRNA_WT_PB2,1290,C,minor,0.12770195166592696,P,ccC,syn,True,29637.5,430.66666666666674,0.13488372093023254,0.12052018240162135,29670,29605,C,A,P,C,C
FCC_10,SynRNA_WT_PB2,1412,C,minor,0.12890940707278808,T,aCg,nonsyn,True,28175.0,471.33333333333326,0.1362303664921466,0.1215884476534296,28650,27700,C,T,M,C,C
FCC_10,SynRNA_WT_PB2,1577,A,minor,0.12021395863306016,K,aAg,nonsyn,True,31125.5,526.3333333333334,0.12709142629920778,0.1133364909669125,32693,29558,A,G,R,A,A
FCC_10,SynRNA_WT_PB2,1785,C,minor,0.13844434544271966,F,ttC,syn,True,26012.0,595.6666666666666,0.1469633237399454,0.12992536714549394,27102,24922,C,T,F,C,C
FCC_10,SynRNA_WT_PB2,1899,T,minor,0.14035681310281414,F,ttT,syn,True,22936.5,633.6666666666666,0.1483417602193847,0.13237186598624362,23338,22535,T,C,F,T,T
FCC_10,SynRNA_WT_PB2,2055,G,minor,0.1201775650918762,G,ggG,syn,True,19024.0,685.6666666666666,0.12877750868695378,0.11157762149679858,18994,19054,G,A,G,G,G
FCC_10,SynRNA_WT_PB2,2207,G,minor,0.014692333501587091,R,aGa,nonsyn,False,13229.5,736.3333333333335,0.017458777885548008,0.01192588911762618,12372,14087,A,A,K,G,G
FCC_10,SynRNA_WT_PB2,2214,C,minor,0.13947402408204818,N,aaC,nonsyn,False,5795.5,738.6666666666665,0.15328713875274633,0.12566090941135002,5917,5674,A,A,K,C,C
FCC_10,SynRNA_WT_PB2,2266,A,minor,0.14754264634420186,T,Acg,nonsyn,True,11232.5,756.0,0.16656168451363268,0.12852360817477096,11113,11352,A,G,A,A,A
FCC_10,SynRNA_WT_PB2,2267,T,minor,0.14238472358656318,V,gTg,nonsyn,True,10799.0,756.3333333333335,0.16015771686068345,0.1246117303124429,10652,10946,T,C,A,T,T
FCC_10,SynRNA_WT_PB2,2280,A,minor,0.11010243990246936,*,taA,syn,True,1265.5,760.6666666666665,0.08490566037735849,0.13529921942758022,1378,1153,G,G,*,A,A
P1_10,SynRNA_WT_PB2,114,G,major,0.927157305027345,R,agG,,True,23260.5,38.66666666666666,0.9286027349228612,0.9257118751318288,22816,23705,G,G,R,G,G
P1_10,SynRNA_WT_PB2,120,A,major,0.8028518953902712,E,gaA,,True,24681.5,40.66666666666666,0.8022408263567828,0.8034629644237595,24009,25354,G,A,E,A,A
P1_10,SynRNA_WT_PB2,176,C,major,0.9798979166182028,A,gCa,,R1,18638.5,59.33333333333334,0.9789321145914612,0.9808637186449444,17942,19335,C,C,A,C,C
P1_10,SynRNA_WT_PB2,222,G,major,0.8724076666651803,G,ggG,,True,11302.5,74.66666666666667,0.8746843729542692,0.8701309603760914,10693,11912,A,G,G,G,G
P1_10,SynRNA_WT_PB2,379,T,major,0.8594741306423861,Y,Tat,,True,13603.0,127.0,0.8609617209743752,0.8579865403103969,12644,14562,C,T,Y,T,T
P1_10,SynRNA_WT_PB2,546,A,major,0.8594213427774477,Q,caA,,True,15644.5,182.66666666666663,0.8596286908268822,0.8592139947280134,14597,16692,G,A,Q,A,A
P1_10,SynRNA_WT_PB2,711,A,major,0.8572156345041341,G,ggA,,True,18042.0,237.66666666666663,0.856629980577953,0.8578012884303148,16991,19093,G,A,G,A,A
P1_10,SynRNA_WT_PB2,888,T,major,0.8628579691091955,D,gaT,,True,18137.5,296.6666666666667,0.8608356940509915,0.8648802441673995,16944,19331,C,T,D,T,T
P1_10,SynRNA_WT_PB2,1020,T,major,0.8584013598203648,N,aaT,,True,18248.0,340.6666666666667,0.8584916725310814,0.8583110471096482,17052,19444,A,T,N,T,T
P1_10,SynRNA_WT_PB2,1167,G,major,0.8649932674741434,R,agG,,True,19191.5,389.66666666666674,0.8675791646298409,0.8624073703184458,18411,19972,A,G,R,G,G
P1_10,SynRNA_WT_PB2,1290,A,major,0.8599326535738744,P,ccA,,True,18834.0,430.66666666666674,0.8593601697281,0.8605051374196487,17911,19757,C,A,P,A,A
P1_10,SynRNA_WT_PB2,1412,T,major,0.8585703264901582,M,aTg,,True,18189.5,471.33333333333326,0.8605866976474005,0.8565539553329159,17215,19164,C,T,M,T,T
P1_10,SynRNA_WT_PB2,1577,G,major,0.8682979781653222,R,aGg,,True,21421.5,526.3333333333334,0.8680781758957655,0.8685177804348789,20262,22581,A,G,R,G,G
P1_10,SynRNA_WT_PB2,1785,T,major,0.8596523598492909,F,ttT,,True,17810.0,595.6666666666666,0.8635612232849215,0.8557434964136602,16938,18682,C,T,F,T,T
P1_10,SynRNA_WT_PB2,1899,C,major,0.8625151701089431,F,ttC,,True,15437.0,633.6666666666666,0.8657963807155684,0.8592339595023176,14478,16396,T,C,F,C,C
P1_10,SynRNA_WT_PB2,2055,A,major,0.8809278020955639,G,ggA,,True,13520.5,685.6666666666666,0.881061370160602,0.8807942340305257,12889,14152,G,A,G,A,A
P1_10,SynRNA_WT_PB2,2207,A,major,0.9814033432570632,K,aAa,,False,11557.5,736.3333333333335,0.9816570669029684,0.981149619611158,11285,11830,A,A,K,A,A
P1_10,SynRNA_WT_PB2,2214,A,major,0.8659524863732118,K,aaA,,False,5394.0,738.6666666666665,0.8531455742501829,0.8787593984962406,5468,5320,A,A,K,A,A
P1_10,SynRNA_WT_PB2,2266,G,major,0.8433017766187131,A,Gcg,,True,10220.5,756.0,0.8584258812168035,0.8281776720206226,10355,10086,A,G,A,G,G
P1_10,SynRNA_WT_PB2,2267,C,major,0.8487611329818645,A,gCg,,True,9783.5,756.3333333333335,0.8653283567033189,0.8321939092604101,9913,9654,T,C,A,C,C
P1_10,SynRNA_WT_PB2,2280,G,major,0.8865435688832112,*,taG,,True,1198.0,760.6666666666665,0.8642086330935251,0.9088785046728972,1112,1284,G,G,*,G,G
P1_10,SynRNA_WT_PB2,114,A,minor,0.07161822703562046,R,agA,syn,True,23260.5,38.66666666666666,0.07021388499298738,0.07302256907825354,22816,23705,G,G,R,A,A
P1_10,SynRNA_WT_PB2,120,G,minor,0.1951843720564768,E,gaG,syn,True,24681.5,40.66666666666666,0.19584322545712024,0.1945255186558334,24009,25354,G,A,E,G,G
P1_10,SynRNA_WT_PB2,176,A,minor,0.01865545869910334,E,gAa,nonsyn,R1,18638.5,59.33333333333334,0.019674506743952738,0.017636410654253944,17942,19335,C,C,A,A,A
P1_10,SynRNA_WT_PB2,222,A,minor,0.12620020789634287,G,ggA,syn,True,11302.5,74.66666666666667,0.12353876367717198,0.12886165211551376,10693,11912,A,G,G,A,A
P1_10,SynRNA_WT_PB2,379,C,minor,0.13982660989732848,H,Cat,nonsyn,True,13603.0,127.0,0.13832647896235367,0.14132674083230326,12644,14562,C,T,Y,C,C
P1_10,SynRNA_WT_PB2,546,G,minor,0.1392517832030752,Q,caG,syn,True,15644.5,182.66666666666663,0.13927519353291773,0.1392283728732327,14597,16692,G,A,Q,G,G
P1_10,SynRNA_WT_PB2,711,G,minor,0.1423329664088434,G,ggG,syn,True,18042.0,237.66666666666663,0.14278147254428816,0.14188446027339865,16991,19093,G,A,G,G,G
P1_10,SynRNA_WT_PB2,888,C,minor,0.13658100171706766,D,gaC,syn,True,18137.5,296.6666666666667,0.13845609065155806,0.1347059127825772,16944,19331,C,T,D,C,C
P1_10,SynRNA_WT_PB2,1020,A,minor,0.1401785011545212,K,aaA,nonsyn,True,18248.0,340.6666666666667,0.14015951208069435,0.14019749022834807,17052,19444,A,T,N,A,A
P1_10,SynRNA_WT_PB2,1167,A,minor,0.13305693447987574,R,agA,syn,True,19191.5,389.66666666666674,0.13057411330183044,0.1355397556579211,18411,19972,A,G,R,A,A
P1_10,SynRNA_WT_PB2,1290,C,minor,0.13911454381216964,P,ccC,syn,True,18834.0,430.66666666666674,0.1397465244821618,0.13848256314217747,17911,19757,C,A,P,C,C
P1_10,SynRNA_WT_PB2,1412,C,minor,0.1402629764407839,T,aCg,nonsyn,True,18189.5,471.33333333333326,0.1380191693290735,0.14250678355249427,17215,19164,C,T,M,C,C
P1_10,SynRNA_WT_PB2,1577,A,minor,0.13082953025738805,K,aAg,nonsyn,True,21421.5,526.3333333333334,0.13088540124370746,0.1307736592710686,20262,22581,A,G,R,A,A
P1_10,SynRNA_WT_PB2,1785,C,minor,0.13929479439672354,F,ttC,syn,True,17810.0,595.6666666666666,0.13567127169677648,0.1429183170966706,16938,18682,C,T,F,C,C
P1_10,SynRNA_WT_PB2,1899,T,minor,0.137090607579819,F,ttT,syn,True,15437.0,633.6666666666666,0.13372012708937694,0.14046108807026106,14478,16396,T,C,F,T,T
P1_10,SynRNA_WT_PB2,2055,G,minor,0.118546409506645,G,ggG,syn,True,13520.5,685.6666666666666,0.11824035999689655,0.11885245901639345,12889,14152,G,A,G,G,G
P1_10,SynRNA_WT_PB2,2207,G,minor,0.018079265746352755,R,aGa,nonsyn,False,11557.5,736.3333333333335,0.017899867080194948,0.018258664412510558,11285,11830,A,A,K,G,G
P1_10,SynRNA_WT_PB2,2214,C,minor,0.1280224381363064,N,aaC,nonsyn,False,5394.0,738.6666666666665,0.14081931236283834,0.11522556390977445,5468,5320,A,A,K,C,C
P1_10,SynRNA_WT_PB2,2266,A,minor,0.1560614926025366,T,Acg,nonsyn,True,10220.5,756.0,0.14099468855625302,0.17112829664882015,10355,10086,A,G,A,A,A
P1_10,SynRNA_WT_PB2,2267,T,minor,0.15052460445653446,V,gTg,nonsyn,True,9783.5,756.3333333333335,0.13386462221325532,0.16718458669981354,9913,9654,T,C,A,T,T
P1_10,SynRNA_WT_PB2,2280,A,minor,0.11306702301710032,*,taA,syn,True,1198.0,760.6666666666665,0.1357913669064748,0.09034267912772584,1112,1284,G,G,*,A,A
P1_10,SynRNA_WT_HA,4,A,major,0.7775701193727731,K,Aag,,True,1049.0,2.0,0.7677984665936474,0.7873417721518987,913,1185,A,A,K,A,A
P1_10,SynRNA_WT_HA,298,C,major,0.9255419252234748,P,Cct,,True,22046.0,100.0,0.9281714616721376,0.9229123887748116,20716,23376,T,C,P,C,C
P1_10,SynRNA_WT_HA,333,C,major,0.923544753532374,D,gaC,,True,23595.0,111.66666666666669,0.9262754753111748,0.9208140317535732,21933,25257,T,C,D,C,C
P1_10,SynRNA_WT_HA,515,A,major,0.8908115175055327,E,gAg,,True,26860.5,172.33333333333337,0.8948092262957287,0.8868138087153368,25449,28272,G,A,E,A,A
P1_10,SynRNA_WT_HA,516,G,major,0.8912602164974333,E,gaG,,True,27005.5,172.66666666666663,0.8949009823795415,0.887619450615325,25652,28359,A,G,E,G,G
P1_10,SynRNA_WT_HA,596,C,major,0.9791660279171076,P,cCa,,True,31343.0,199.33333333333331,0.9794744103099028,0.9788576455243122,29719,32967,C,C,P,C,C
P1_10,SynRNA_WT_HA,621,C,major,0.9129171172530492,S,agC,,True,32023.5,207.66666666666663,0.9157459921974888,0.9100882423086096,30503,33544,T,C,S,C,C
P1_10,SynRNA_WT_HA,796,T,major,0.904605079436051,L,Ttg,,True,31005.5,266.0,0.9067726042606342,0.9024375546114676,28822,33189,G,T,L,T,T
P1_10,SynRNA_WT_HA,831,C,major,0.9092352988267094,N,aaC,,True,29515.5,277.6666666666667,0.9115452151009658,0.906925382552453,27336,31695,T,C,N,C,C
P1_10,SynRNA_WT_HA,930,T,major,0.8949344328855716,H,caT,,True,23958.5,310.6666666666667,0.8959030478429953,0.8939658179281479,22114,25803,G,T,H,T,T
P1_10,SynRNA_WT_HA,1012,A,major,0.9136781702099921,I,Atc,,True,21183.0,338.0,0.91401530406766,0.9133410363523242,19864,22502,G,A,I,A,A
P1_10,SynRNA_WT_HA,1072,T,major,0.9900059363728488,W,Tgg,,,12203.0,358.0,0.9886277482941622,0.9913841244515356,11871,12535,T,T,W,T,T
P1_10,SynRNA_WT_HA,1173,A,major,0.9020912864752232,E,gaA,,True,17982.5,391.66666666666674,0.9051335605144551,0.8990490124359912,18194,17771,G,A,E,A,A
P1_10,SynRNA_WT_HA,1408,C,major,0.9235871920952672,L,Cta,,True,15432.5,470.0,0.9266924564796906,0.9204819277108434,15510,15355,T,C,L,C,C
P1_10,SynRNA_WT_HA,1563,A,major,0.9181172621264856,K,aaA,,True,16412.5,521.6666666666666,0.9226739048099988,0.9135606194429724,15842,16983,G,A,K,A,A
P1_10,SynRNA_WT_HA,1672,T,major,0.9163218778937636,W,Tgg,,True,8766.0,558.0,0.9188622056423408,0.9137815501451864,8578,8954,G,T,W,T,T
P1_10,SynRNA_WT_HA,4,G,minor,0.2214602945729986,E,Gag,nonsyn,True,1049.0,2.0,0.23110624315443595,0.2118143459915612,913,1185,A,A,K,G,G
P1_10,SynRNA_WT_HA,298,T,minor,0.07416078648583319,S,Tct,nonsyn,True,22046.0,100.0,0.07149063525777177,0.0768309377138946,20716,23376,T,C,P,T,T
P1_10,SynRNA_WT_HA,333,T,minor,0.07570236510594221,D,gaT,syn,True,23595.0,111.66666666666669,0.07281265672730589,0.07859207348457853,21933,25257,T,C,D,T,T
P1_10,SynRNA_WT_HA,515,G,minor,0.10529018104787093,G,gGg,nonsyn,True,26860.5,172.33333333333337,0.10114346339738302,0.1094368986983588,25449,28272,G,A,E,G,G
P1_10,SynRNA_WT_HA,516,A,minor,0.1045374710693325,E,gaA,syn,True,27005.5,172.66666666666663,0.10053796974894744,0.10853697238971756,25652,28359,A,G,E,A,A
P1_10,SynRNA_WT_HA,596,A,minor,0.019872586440550826,Q,cAa,nonsyn,True,31343.0,199.33333333333331,0.019482485951748042,0.0202626869293536,29719,32967,C,C,P,A,A
P1_10,SynRNA_WT_HA,621,T,minor,0.08614692604627748,S,agT,syn,True,32023.5,207.66666666666663,0.08333606530505196,0.08895778678750298,30503,33544,T,C,S,T,T
P1_10,SynRNA_WT_HA,796,G,minor,0.09411802738081276,V,Gtg,nonsyn,True,31005.5,266.0,0.09190895843452918,0.09632709632709632,28822,33189,G,T,L,G,G
P1_10,SynRNA_WT_HA,831,T,minor,0.0906126607850478,N,aaT,syn,True,29515.5,277.6666666666667,0.08830845771144279,0.0929168638586528,27336,31695,T,C,N,T,T
P1_10,SynRNA_WT_HA,930,G,minor,0.103699350507358,Q,caG,nonsyn,True,23958.5,310.6666666666667,0.1026046848150493,0.1047940161996667,22114,25803,G,T,H,G,G
P1_10,SynRNA_WT_HA,1012,G,minor,0.0854272948145872,V,Gtc,nonsyn,True,21183.0,338.0,0.08512887635924285,0.08572571326993156,19864,22502,G,A,I,G,G
P1_10,SynRNA_WT_HA,1173,G,minor,0.09704762636561498,E,gaG,syn,True,17982.5,391.66666666666674,0.0939320655161042,0.10016318721512577,18194,17771,G,A,E,G,G
P1_10,SynRNA_WT_HA,1408,T,minor,0.07534312061356409,L,Tta,syn,True,15432.5,470.0,0.07234042553191489,0.07834581569521329,15510,15355,T,C,L,T,T
P1_10,SynRNA_WT_HA,1563,G,minor,0.08054491550150891,K,aaG,syn,True,16412.5,521.6666666666666,0.07606362832975634,0.0850262026732615,15842,16983,G,A,K,G,G
P1_10,SynRNA_WT_HA,1672,G,minor,0.08259511464857063,G,Ggg,nonsyn,True,8766.0,558.0,0.08008859874096526,0.08510163055617599,8578,8954,G,T,W,G,G
FCC_10,SynRNA_WT_HA,4,A,major,0.7543703983592988,K,Aag,,True,977.5,2.0,0.7799490229396772,0.7287917737789203,1177,778,A,A,K,A,A
FCC_10,SynRNA_WT_HA,298,C,major,0.9316988728655752,P,Cct,,True,27068.0,100.0,0.9292957946244949,0.9341019511066554,28202,25934,T,C,P,C,C
FCC_10,SynRNA_WT_HA,333,C,major,0.9294597459766653,D,gaC,,True,28949.5,111.66666666666669,0.9269435215946844,0.9319759703586461,30100,27799,T,C,D,C,C
FCC_10,SynRNA_WT_HA,515,A,major,0.8967853992193016,E,gAg,,True,32292.0,172.33333333333337,0.8957385070550751,0.8978322913835282,35152,29432,G,A,E,A,A
FCC_10,SynRNA_WT_HA,516,G,major,0.8975024440982767,E,gaG,,True,32469.0,172.66666666666663,0.8955756220454609,0.8994292661510925,35327,29611,A,G,E,G,G
FCC_10,SynRNA_WT_HA,596,C,major,0.9796379639437798,P,cCa,,True,36682.5,199.33333333333331,0.9793875298405936,0.9798883980469658,38957,34408,C,C,P,C,C
FCC_10,SynRNA_WT_HA,621,C,major,0.9198956117772544,S,agC,,True,36825.0,207.66666666666663,0.9182805126485984,0.9215107109059104,38779,34871,T,C,S,C,C
FCC_10,SynRNA_WT_HA,796,T,major,0.9130377006065544,L,Ttg,,True,34361.5,266.0,0.9105112474437628,0.9155641537693459,36675,32048,G,T,L,T,T
FCC_10,SynRNA_WT_HA,831,C,major,0.920323254601414,N,aaC,,True,32771.5,277.6666666666667,0.9173624369532384,0.9232840722495896,35093,30450,T,C,N,C,C
FCC_10,SynRNA_WT_HA,930,T,major,0.9072386739025428,H,caT,,True,27220.5,310.6666666666667,0.9034219269102992,0.9110554208947864,30100,24341,G,T,H,T,T
FCC_10,SynRNA_WT_HA,1012,A,major,0.922802018362569,I,Atc,,True,26329.0,338.0,0.917640681641088,0.92796335508405,29517,23141,G,A,I,A,A
FCC_10,SynRNA_WT_HA,1072,T,major,0.9938573130775028,W,Tgg,,,16463.5,358.0,0.9920630721202179,0.9956515540347876,18899,14028,T,T,W,T,T
FCC_10,SynRNA_WT_HA,1173,A,major,0.9098290773706276,E,gaA,,True,23012.5,391.66666666666674,0.9056721812873628,0.913985973453892,28772,17253,G,A,E,A,A
FCC_10,SynRNA_WT_HA,1408,C,major,0.9253955927115476,L,Cta,,True,14462.0,470.0,0.9202414058339744,0.9305497795891208,16901,12023,T,C,L,C,C
FCC_10,SynRNA_WT_HA,1563,A,major,0.9151136206057312,K,aaA,,True,16680.0,521.6666666666666,0.9091521558872304,0.921075085324232,19296,14064,G,A,K,A,A
FCC_10,SynRNA_WT_HA,1672,T,major,0.9171972875280464,W,Tgg,,True,9292.0,558.0,0.912772585669782,0.9216219893863108,11235,7349,G,T,W,T,T
FCC_10,SynRNA_WT_HA,4,G,minor,0.2456296016407013,E,Gag,nonsyn,True,977.5,2.0,0.22005097706032287,0.2712082262210797,1177,778,A,A,K,G,G
FCC_10,SynRNA_WT_HA,298,T,minor,0.06797424847646537,S,Tct,nonsyn,True,27068.0,100.0,0.07024324515991774,0.06570525179301304,28202,25934,T,C,P,T,T
FCC_10,SynRNA_WT_HA,333,T,minor,0.06978735760828891,D,gaT,syn,True,28949.5,111.66666666666669,0.07212624584717607,0.06744846936940177,30100,27799,T,C,D,T,T
FCC_10,SynRNA_WT_HA,515,G,minor,0.0989811938380477,G,gGg,nonsyn,True,32292.0,172.33333333333337,0.10044947655894401,0.0975129111171514,35152,29432,G,A,E,G,G
FCC_10,SynRNA_WT_HA,516,A,minor,0.09813743601935963,E,gaA,syn,True,32469.0,172.66666666666663,0.10026325473433917,0.09601161730438013,35327,29611,A,G,E,A,A
FCC_10,SynRNA_WT_HA,596,A,minor,0.019743752011925318,Q,cAa,nonsyn,True,36682.5,199.33333333333331,0.020073414277280082,0.019414089746570558,38957,34408,C,C,P,A,A
FCC_10,SynRNA_WT_HA,621,T,minor,0.07917282686419579,S,agT,syn,True,36825.0,207.66666666666663,0.08068800123778333,0.07765765249060824,38779,34871,T,C,S,T,T
FCC_10,SynRNA_WT_HA,796,G,minor,0.08588272286525903,V,Gtg,nonsyn,True,34361.5,266.0,0.08823449216087254,0.08353095356964553,36675,32048,G,T,L,G,G
FCC_10,SynRNA_WT_HA,831,T,minor,0.07921672214440101,N,aaT,syn,True,32771.5,277.6666666666667,0.08221012737582993,0.07622331691297209,35093,30450,T,C,N,T,T
FCC_10,SynRNA_WT_HA,930,G,minor,0.09153921490079832,Q,caG,nonsyn,True,27220.5,310.6666666666667,0.09544850498338872,0.08762992481820796,30100,24341,G,T,H,G,G
FCC_10,SynRNA_WT_HA,1012,G,minor,0.07652282162855684,V,Gtc,nonsyn,True,26329.0,338.0,0.08161398516109361,0.07143165809602005,29517,23141,G,A,I,G,G
FCC_10,SynRNA_WT_HA,1173,G,minor,0.0897247672696852,E,gaG,syn,True,23012.5,391.66666666666674,0.0938412345335743,0.0856083000057961,28772,17253,G,A,E,G,G
FCC_10,SynRNA_WT_HA,1408,T,minor,0.07368003065619014,L,Tta,syn,True,14462.0,470.0,0.07857523223477901,0.06878482907760126,16901,12023,T,C,L,T,T
FCC_10,SynRNA_WT_HA,1563,G,minor,0.08305811669751356,K,aaG,syn,True,16680.0,521.6666666666666,0.08882669983416253,0.07728953356086461,19296,14064,G,A,K,G,G
FCC_10,SynRNA_WT_HA,1672,G,minor,0.08188654254416905,G,Ggg,nonsyn,True,9292.0,558.0,0.08580329327992879,0.07796979180840931,11235,7349,G,T,W,G,G
P2_10,SynRNA_WT_HA,4,A,major,0.7763498883928571,K,Aag,,True,949.5,2.0,0.7744140625,0.7782857142857142,1024,875,A,A,K,A,A
P2_10,SynRNA_WT_HA,298,C,major,0.9265508472138873,P,Cct,,True,23262.5,100.0,0.9237464754198847,0.9293552190078898,24471,22054,T,C,P,C,C
P2_10,SynRNA_WT_HA,333,C,major,0.924520382620728,D,gaC,,True,24868.0,111.66666666666669,0.921328401910926,0.92771236333053,25956,23780,T,C,D,C,C
P2_10,SynRNA_WT_HA,515,A,major,0.8930254297054749,E,gAg,,True,27989.0,172.33333333333337,0.8912843567998365,0.8947665026111132,29361,26617,G,A,E,A,A
P2_10,SynRNA_WT_HA,516,G,major,0.892760665724838,E,gaG,,True,28145.5,172.66666666666663,0.8908869659275284,0.8946343655221477,29584,26707,A,G,E,G,G
P2_10,SynRNA_WT_HA,596,C,major,0.9779114331530736,P,cCa,,True,31786.5,199.33333333333331,0.9779696602300618,0.9778532060760856,33817,29756,C,C,P,C,C
P2_10,SynRNA_WT_HA,621,C,major,0.9157198958140476,S,agC,,True,32071.0,207.66666666666663,0.9152120431115276,0.9162277485165676,34144,29998,T,C,S,C,C
P2_10,SynRNA_WT_HA,796,T,major,0.9063170652295258,L,Ttg,,True,30350.5,266.0,0.90563626161232,0.9069978688467316,32078,28623,G,T,L,T,T
P2_10,SynRNA_WT_HA,831,C,major,0.9123423481996844,N,aaC,,True,28816.0,277.6666666666667,0.9119656709027892,0.9127190254965796,30295,27337,T,C,N,C,C
P2_10,SynRNA_WT_HA,930,T,major,0.8956210227071135,H,caT,,True,23471.5,310.6666666666667,0.8896211539239073,0.9016208914903197,24733,22210,G,T,H,T,T
P2_10,SynRNA_WT_HA,1012,A,major,0.9107390378884632,I,Atc,,True,22131.0,338.0,0.9080459770114944,0.913432098765432,24012,20250,G,A,I,A,A
P2_10,SynRNA_WT_HA,1072,T,major,0.9866241759298402,W,Tgg,,False,13352.0,358.0,0.984535033575256,0.9887133182844244,14743,11961,T,T,W,T,T
P2_10,SynRNA_WT_HA,1173,A,major,0.9033402733714112,E,gaA,,True,20622.0,391.66666666666674,0.9034583369089504,0.9032222098338722,23306,17938,G,A,E,A,A
P2_10,SynRNA_WT_HA,1408,C,major,0.9302596944498932,L,Cta,,True,15948.0,470.0,0.9315995282726088,0.9289198606271776,16111,15785,T,C,L,C,C
P2_10,SynRNA_WT_HA,1563,A,major,0.9218981094820894,K,aaA,,True,17490.0,521.6666666666666,0.9182904863271656,0.9255057326370132,18321,16659,G,A,K,A,A
P2_10,SynRNA_WT_HA,1672,T,major,0.9182100704169742,W,Tgg,,True,9466.5,558.0,0.9204169101889732,0.9160032306449752,10266,8667,G,T,W,T,T
P2_10,SynRNA_WT_HA,4,G,minor,0.22307868303571424,E,Gag,nonsyn,True,949.5,2.0,0.2255859375,0.22057142857142856,1024,875,A,A,K,G,G
P2_10,SynRNA_WT_HA,298,T,minor,0.07297724836223153,S,Tct,nonsyn,True,23262.5,100.0,0.07576314821625597,0.07019134850820713,24471,22054,T,C,P,T,T
P2_10,SynRNA_WT_HA,333,T,minor,0.07453898497567404,D,gaT,syn,True,24868.0,111.66666666666669,0.07763137617506549,0.0714465937762826,25956,23780,T,C,D,T,T
P2_10,SynRNA_WT_HA,515,G,minor,0.10259872013566618,G,gGg,nonsyn,True,27989.0,172.33333333333337,0.10432205987534483,0.10087538039598752,29361,26617,G,A,E,G,G
P2_10,SynRNA_WT_HA,516,A,minor,0.10265077205022967,E,gaA,syn,True,28145.5,172.66666666666663,0.10427934018388316,0.10102220391657618,29584,26707,A,G,E,A,A
P2_10,SynRNA_WT_HA,596,A,minor,0.021288097207833995,Q,cAa,nonsyn,True,31786.5,199.33333333333331,0.02120235384569891,0.02137384056996908,33817,29756,C,C,P,A,A
P2_10,SynRNA_WT_HA,621,T,minor,0.08335944670600659,S,agT,syn,True,32071.0,207.66666666666663,0.08388003748828493,0.08283885592372825,34144,29998,T,C,S,T,T
P2_10,SynRNA_WT_HA,796,G,minor,0.09282107562481058,V,Gtg,nonsyn,True,30350.5,266.0,0.0933038219340358,0.09233832931558536,32078,28623,G,T,L,G,G
P2_10,SynRNA_WT_HA,831,T,minor,0.08710986743052188,N,aaT,syn,True,28816.0,277.6666666666667,0.08734114540353194,0.0868785894575118,30295,27337,T,C,N,T,T
P2_10,SynRNA_WT_HA,930,G,minor,0.1031894746655196,Q,caG,nonsyn,True,23471.5,310.6666666666667,0.10912545991185864,0.09725348941918056,24733,22210,G,T,H,G,G
P2_10,SynRNA_WT_HA,1012,G,minor,0.0885990708349529,V,Gtc,nonsyn,True,22131.0,338.0,0.09137098117607864,0.08582716049382716,24012,20250,G,A,I,G,G
P2_10,SynRNA_WT_HA,1173,G,minor,0.09588974703594216,E,gaG,syn,True,20622.0,391.66666666666674,0.09572642238050287,0.09605307169138144,23306,17938,G,A,E,G,G
P2_10,SynRNA_WT_HA,1408,T,minor,0.06901945713286547,L,Tta,syn,True,15948.0,470.0,0.06765563900440692,0.07038327526132404,16111,15785,T,C,L,T,T
P2_10,SynRNA_WT_HA,1563,G,minor,0.07642092569066132,K,aaG,syn,True,17490.0,521.6666666666666,0.07990830194858359,0.07293354943273905,18321,16659,G,A,K,G,G
P2_10,SynRNA_WT_HA,1672,G,minor,0.08070801282628365,G,Ggg,nonsyn,True,9466.5,558.0,0.07880381842976816,0.08261220722279912,10266,8667,G,T,W,G,G
P1_10,SynRNA_WT_NA,42,C,major,0.9571324284572352,C,tgC,,True,8816.5,14.666666666666664,0.9582382473756276,0.9560266095388432,8764,8869,T,C,C,C,C
P1_10,SynRNA_WT_NA,282,A,major,0.9440764251127765,V,gtA,,True,20867.5,94.66666666666669,0.9431119621082334,0.9450408881173192,19846,21889,T,A,V,A,A
P1_10,SynRNA_WT_NA,283,G,major,0.951884690369706,D,Gat,,True,22018.5,95.0,0.9519632018209409,0.9518061789184714,21088,22949,A,G,D,G,G
P1_10,SynRNA_WT_NA,284,A,major,0.9457834186849634,D,gAt,,True,21820.5,95.33333333333331,0.9452245171802368,0.94634232018969,20867,22774,G,A,D,A,A
P1_10,SynRNA_WT_NA,316,G,major,0.9555846346135392,V,Gta,,True,29331.5,106.0,0.9553832964206616,0.9557859728064168,27994,30669,A,G,V,G,G
P1_10,SynRNA_WT_NA,498,G,major,0.9428912516567808,V,gtG,,True,35851.5,166.66666666666666,0.9450479233226836,0.940734579990878,34430,37273,T,G,V,G,G
P1_10,SynRNA_WT_NA,630,A,major,0.9414112673843362,G,ggA,,True,42105.0,210.66666666666663,0.9419427428428554,0.9408797919258168,39995,44215,C,A,G,A,A
P1_10,SynRNA_WT_NA,873,A,major,0.9462534818404068,V,gtA,,True,42031.0,291.6666666666667,0.9448693273905996,0.947637636290214,39488,44574,G,A,V,A,A
P1_10,SynRNA_WT_NA,954,T,major,0.9456031008774046,C,tgT,,True,37931.0,318.6666666666667,0.9444085144672836,0.9467976872875258,35563,40299,C,T,C,T,T
P1_10,SynRNA_WT_NA,1104,G,major,0.9401124490260868,R,agG,,True,29013.0,368.66666666666674,0.940567513219632,0.9396573848325419,26854,31172,A,G,R,G,G
P1_10,SynRNA_WT_NA,1194,A,major,0.9220232064282158,E,gaA,,True,23697.5,398.66666666666674,0.9233863677454348,0.9206600451109967,22124,25271,G,A,E,A,A
P1_10,SynRNA_WT_NA,1221,C,major,0.9411250455591894,V,gtC,,True,24097.5,407.66666666666674,0.9453319910710378,0.936918100047341,22847,25348,T,C,V,C,C
P1_10,SynRNA_WT_NA,1332,T,major,0.94054156736737,S,tcT,,True,17865.0,444.66666666666674,0.9422827130513356,0.9388004216834044,17707,18023,C,T,S,T,T
P1_10,SynRNA_WT_NA,1374,G,major,0.9562351518980228,P,ccG,,True,10339.5,458.66666666666674,0.9557427852024016,0.9567275185936444,10326,10353,A,G,P,G,G
P1_10,SynRNA_WT_NA,42,T,minor,0.04258298910265393,C,tgT,syn,True,8816.5,14.666666666666664,0.04130534002738477,0.0438606381779231,8764,8869,T,C,C,T,T
P1_10,SynRNA_WT_NA,282,T,minor,0.05488020814776036,V,gtT,syn,True,20867.5,94.66666666666669,0.05557795021666834,0.05418246607885239,19846,21889,T,A,V,T,T
P1_10,SynRNA_WT_NA,283,A,minor,0.0475456281597163,N,Aat,nonsyn,True,22018.5,95.0,0.04742033383915023,0.04767092248028237,21088,22949,A,G,D,A,A
P1_10,SynRNA_WT_NA,284,G,minor,0.05375340708570128,G,gGt,nonsyn,True,21820.5,95.33333333333331,0.05420041213399147,0.05330640203741109,20867,22774,G,A,D,G,G
P1_10,SynRNA_WT_NA,316,A,minor,0.043588471594178314,I,Ata,nonsyn,True,29331.5,106.0,0.04397370865185397,0.043203234536502655,27994,30669,A,G,V,A,A
P1_10,SynRNA_WT_NA,498,T,minor,0.05499220106228631,V,gtT,syn,True,35851.5,166.66666666666666,0.05291896601800755,0.05706543610656507,34430,37273,T,G,V,T,T
P1_10,SynRNA_WT_NA,630,C,minor,0.057087513073590834,G,ggC,syn,True,42105.0,210.66666666666663,0.056457057132141525,0.05771796901504015,39995,44215,C,A,G,C,C
P1_10,SynRNA_WT_NA,873,G,minor,0.05308656426615685,V,gtG,syn,True,42031.0,291.6666666666667,0.054573541329011335,0.05159958720330237,39488,44574,G,A,V,G,G
P1_10,SynRNA_WT_NA,954,C,minor,0.053920496505811086,C,tgC,syn,True,37931.0,318.6666666666667,0.05508534150662205,0.052755651505000126,35563,40299,C,T,C,C,C
P1_10,SynRNA_WT_NA,1104,A,minor,0.05904541265198277,R,agA,syn,True,29013.0,368.66666666666674,0.058389811573694786,0.059701013730270765,26854,31172,A,G,R,A,A
P1_10,SynRNA_WT_NA,1194,G,minor,0.0771489557267204,E,gaG,syn,True,23697.5,398.66666666666674,0.07539323811245706,0.07890467334098374,22124,25271,G,A,E,G,G
P1_10,SynRNA_WT_NA,1221,T,minor,0.05841940226191562,V,gtT,syn,True,24097.5,407.66666666666674,0.05423031470214909,0.06260848982168217,22847,25348,T,C,V,T,T
P1_10,SynRNA_WT_NA,1332,C,minor,0.0586727357760431,S,tcC,syn,True,17865.0,444.66666666666674,0.05670073982041001,0.060644731731676185,17707,18023,C,T,S,C,C
P1_10,SynRNA_WT_NA,1374,A,minor,0.042894903458187465,P,ccA,syn,True,10339.5,458.66666666666674,0.04377300019368585,0.04201680672268908,10326,10353,A,G,P,A,A
FCC_10,SynRNA_WT_NA,42,C,major,0.9650748277747041,C,tgC,,True,9818.5,14.666666666666664,0.9609866599546942,0.9691629955947136,11919,7718,T,C,C,C,C
FCC_10,SynRNA_WT_NA,282,A,major,0.95014691434472,V,gtA,,True,24656.5,94.66666666666669,0.9436359909817584,0.9566578377076812,24395,24918,T,A,V,A,A
FCC_10,SynRNA_WT_NA,283,G,major,0.9574101788164212,D,Gat,,True,25993.0,95.0,0.9526303538175046,0.9621900038153376,25776,26210,A,G,D,G,G
FCC_10,SynRNA_WT_NA,284,A,major,0.9519508223375222,D,gAt,,True,25789.0,95.33333333333331,0.9461920206322536,0.9577096240427906,25591,25987,G,A,D,A,A
FCC_10,SynRNA_WT_NA,316,G,major,0.962284718626186,V,Gta,,True,33891.5,106.0,0.9579077139837971,0.9666617232685748,34068,33715,A,G,V,G,G
FCC_10,SynRNA_WT_NA,498,G,major,0.9476622540171474,V,gtG,,True,43683.5,166.66666666666666,0.9415606737710552,0.9537638342632396,43635,43732,T,G,V,G,G
FCC_10,SynRNA_WT_NA,630,A,major,0.9463515649599278,G,ggA,,True,47992.0,210.66666666666663,0.9437981807732704,0.9489049491465852,50461,45523,C,A,G,A,A
FCC_10,SynRNA_WT_NA,873,A,major,0.9492446966180588,V,gtA,,True,47531.0,291.6666666666667,0.9446098018429422,0.9538795913931754,49052,46010,G,A,V,A,A
FCC_10,SynRNA_WT_NA,954,T,major,0.9486796320913716,C,tgT,,True,43030.0,318.6666666666667,0.9455181720454702,0.951841092137273,43721,42339,C,T,C,T,T
FCC_10,SynRNA_WT_NA,1104,G,major,0.9433379380294732,R,agG,,True,30860.5,368.66666666666674,0.9393278186673616,0.9473480573915848,30706,31015,A,G,R,G,G
FCC_10,SynRNA_WT_NA,1194,A,major,0.9278678640971726,E,gaA,,True,25810.0,398.66666666666674,0.9226020349834227,0.9331336932109224,26241,25379,G,A,E,A,A
FCC_10,SynRNA_WT_NA,1221,C,major,0.9475484975695272,V,gtC,,True,27342.0,407.66666666666674,0.9447221825453508,0.9503748125937032,28004,26680,T,C,V,C,C
FCC_10,SynRNA_WT_NA,1332,T,major,0.9504167785851368,S,tcT,,True,21386.5,444.66666666666674,0.9451503793765428,0.9556831777937306,21878,20895,C,T,S,T,T
FCC_10,SynRNA_WT_NA,1374,G,major,0.9636942845112748,P,ccG,,True,12467.0,458.66666666666674,0.957169900615239,0.9702186684073107,12678,12256,A,G,P,G,G
FCC_10,SynRNA_WT_NA,42,T,minor,0.034624087906489645,C,tgT,syn,True,9818.5,14.666666666666664,0.038929440389294405,0.03031873542368489,11919,7718,T,C,C,T,T
FCC_10,SynRNA_WT_NA,282,T,minor,0.04879675760762569,V,gtT,syn,True,24656.5,94.66666666666669,0.05513424882147981,0.042459266393771566,24395,24918,T,A,V,T,T
FCC_10,SynRNA_WT_NA,283,A,minor,0.0421084071592881,N,Aat,nonsyn,True,25993.0,95.0,0.04682650527622595,0.03739030904235025,25776,26210,A,G,D,A,A
FCC_10,SynRNA_WT_NA,284,G,minor,0.047678548862838406,G,gGt,nonsyn,True,25789.0,95.33333333333331,0.05314368332616936,0.04221341439950745,25591,25987,G,A,D,G,G
FCC_10,SynRNA_WT_NA,316,A,minor,0.0369638587451594,I,Ata,nonsyn,True,33891.5,106.0,0.04115298814136433,0.03277472934895447,34068,33715,A,G,V,A,A
FCC_10,SynRNA_WT_NA,498,T,minor,0.05038039386351178,V,gtT,syn,True,43683.5,166.66666666666666,0.05639967915664031,0.04436110857038325,43635,43732,T,G,V,T,T
FCC_10,SynRNA_WT_NA,630,C,minor,0.052071383512620716,G,ggC,syn,True,47992.0,210.66666666666663,0.05449753274806286,0.04964523427717857,50461,45523,C,A,G,C,C
FCC_10,SynRNA_WT_NA,873,G,minor,0.05026274119044531,V,gtG,syn,True,47531.0,291.6666666666667,0.05483976188534617,0.04568572049554445,49052,46010,G,A,V,G,G
FCC_10,SynRNA_WT_NA,954,C,minor,0.050614550239777824,C,tgC,syn,True,43030.0,318.6666666666667,0.05358980810137005,0.0476392923781856,43721,42339,C,T,C,C,C
FCC_10,SynRNA_WT_NA,1104,A,minor,0.05604685947371324,R,agA,syn,True,30860.5,368.66666666666674,0.06015111053214355,0.05194260841528293,30706,31015,A,G,R,A,A
FCC_10,SynRNA_WT_NA,1194,G,minor,0.07111191103662651,E,gaG,syn,True,25810.0,398.66666666666674,0.07598795777599937,0.06623586429725363,26241,25379,G,A,E,G,G
FCC_10,SynRNA_WT_NA,1221,T,minor,0.05185078240054376,V,gtT,syn,True,27342.0,407.66666666666674,0.054563633766604766,0.04913793103448276,28004,26680,T,C,V,T,T
FCC_10,SynRNA_WT_NA,1332,C,minor,0.04883361540178398,S,tcC,syn,True,21386.5,444.66666666666674,0.054164000365664135,0.04350323043790381,21878,20895,C,T,S,C,C
FCC_10,SynRNA_WT_NA,1374,A,minor,0.0356216832616852,P,ccA,syn,True,12467.0,458.66666666666674,0.042277961823631485,0.028965404699738906,12678,12256,A,G,P,A,A
P2_10,SynRNA_WT_NA,42,C,major,0.959116530709053,C,tgC,,True,10481.5,14.666666666666664,0.959154034673686,0.95907902674442,11017,9946,T,C,C,C,C
P2_10,SynRNA_WT_NA,282,A,major,0.9458139568864008,V,gtA,,True,25060.0,94.66666666666669,0.9449590039477679,0.9466689098250336,26344,23776,T,A,V,A,A
P2_10,SynRNA_WT_NA,283,G,major,0.953515911757698,D,Gat,,True,26427.0,95.0,0.9531473533619456,0.9538844701534508,27960,24894,A,G,D,G,G
P2_10,SynRNA_WT_NA,284,A,major,0.9479646353514024,D,gAt,,True,26181.0,95.33333333333331,0.9472050810147596,0.9487241896880452,27711,24651,G,A,D,A,A
P2_10,SynRNA_WT_NA,316,G,major,0.9577701995402816,V,Gta,,True,34260.5,106.0,0.9576753175041414,0.9578650815764218,36220,32301,A,G,V,G,G
P2_10,SynRNA_WT_NA,498,G,major,0.9455085283103366,V,gtG,,True,43014.0,166.66666666666666,0.9445609894672437,0.9464560671534296,45762,40266,T,G,V,G,G
P2_10,SynRNA_WT_NA,630,A,major,0.9442852003410158,G,ggA,,True,48489.5,210.66666666666663,0.944311145510836,0.9442592551711958,51680,45299,C,A,G,A,A
P2_10,SynRNA_WT_NA,873,A,major,0.9472678889365932,V,gtA,,True,47890.0,291.6666666666667,0.9470500432084216,0.9474857346647646,50916,44864,G,A,V,A,A
P2_10,SynRNA_WT_NA,954,T,major,0.9491404148912659,C,tgT,,True,43157.5,318.6666666666667,0.9487100669667362,0.949570762815796,45545,40770,C,T,C,T,T
P2_10,SynRNA_WT_NA,1104,G,major,0.9425333241497482,R,agG,,True,32166.0,368.66666666666674,0.9395393474088292,0.9455273008906674,33344,30988,A,G,R,G,G
P2_10,SynRNA_WT_NA,1194,A,major,0.9248266083457841,E,gaA,,True,26891.0,398.66666666666674,0.9212386877828054,0.9284145289087627,28288,25494,G,A,E,A,A
P2_10,SynRNA_WT_NA,1221,C,major,0.9444733749364272,V,gtC,,True,28090.5,407.66666666666674,0.9432581453634086,0.9456886045094456,29925,26256,T,C,V,C,C
P2_10,SynRNA_WT_NA,1332,T,major,0.9444116371513136,S,tcT,,True,21478.0,444.66666666666674,0.9413958672725714,0.947427407030056,23326,19630,C,T,S,T,T
P2_10,SynRNA_WT_NA,1374,G,major,0.9615627762376654,P,ccG,,True,12566.0,458.66666666666674,0.9601497137824748,0.962975838692856,13626,11506,A,G,P,G,G
P2_10,SynRNA_WT_NA,42,T,minor,0.040379353765849786,C,tgT,syn,True,10481.5,14.666666666666664,0.03993827720795135,0.040820430323748234,11017,9946,T,C,C,T,T
P2_10,SynRNA_WT_NA,282,T,minor,0.0528195782869082,V,gtT,syn,True,25060.0,94.66666666666669,0.05386425751594291,0.05177489905787348,26344,23776,T,A,V,T,T
P2_10,SynRNA_WT_NA,283,A,minor,0.045818549620347364,N,Aat,nonsyn,True,26427.0,95.0,0.04624463519313305,0.04539246404756166,27960,24894,A,G,D,A,A
P2_10,SynRNA_WT_NA,284,G,minor,0.051539359546966465,G,gGt,nonsyn,True,26181.0,95.33333333333331,0.05228970444949658,0.05078901464443633,27711,24651,G,A,D,G,G
P2_10,SynRNA_WT_NA,316,A,minor,0.041576774193173405,I,Ata,nonsyn,True,34260.5,106.0,0.041606847045831036,0.041546701340515774,36220,32301,A,G,V,A,A
P2_10,SynRNA_WT_NA,498,T,minor,0.052470537947690465,V,gtT,syn,True,43014.0,166.66666666666666,0.05321008697172326,0.051730988923657684,45762,40266,T,G,V,T,T
P2_10,SynRNA_WT_NA,630,C,minor,0.05419419096964053,G,ggC,syn,True,48489.5,210.66666666666663,0.0539280185758514,0.05446036336342966,51680,45299,C,A,G,C,C
P2_10,SynRNA_WT_NA,873,G,minor,0.05220346753187735,V,gtG,syn,True,47890.0,291.6666666666667,0.05236075104093016,0.052046184022824536,50916,44864,G,A,V,G,G
P2_10,SynRNA_WT_NA,954,C,minor,0.05051936063471122,C,tgC,syn,True,43157.5,318.6666666666667,0.05102645734987375,0.05001226391954869,45545,40770,C,T,C,C,C
P2_10,SynRNA_WT_NA,1104,A,minor,0.057066539920598326,R,agA,syn,True,32166.0,368.66666666666674,0.05995081573896354,0.054182264102233126,33344,30988,A,G,R,A,A
P2_10,SynRNA_WT_NA,1194,G,minor,0.07438211689282226,E,gaG,syn,True,26891.0,398.66666666666674,0.0774533371040724,0.07131089668157213,28288,25494,G,A,E,G,G
P2_10,SynRNA_WT_NA,1221,T,minor,0.0550066933024212,V,gtT,syn,True,28090.5,407.66666666666674,0.05600668337510443,0.05400670322973797,29925,26256,T,C,V,T,T
P2_10,SynRNA_WT_NA,1332,C,minor,0.05475615311278895,S,tcC,syn,True,21478.0,444.66666666666674,0.05770384978135985,0.05180845644421803,23326,19630,C,T,S,C,C
P2_10,SynRNA_WT_NA,1374,A,minor,0.03740879397213776,P,ccA,syn,True,12566.0,458.66666666666674,0.03874944958168208,0.036068138362593434,13626,11506,A,G,P,A,A
